species_common_name,species_encoded,year,population_change_rate,population_relative_to_peak,population_relative_to_baseline,population_cv,cumulative_change_rate,is_declining,is_growing,overall_trend,overall_trend_encoded,iucn_status_numeric,taxonomic_group_encoded,population_change_rate_scaled,population_relative_to_peak_scaled,population_relative_to_baseline_scaled,population_cv_scaled,cumulative_change_rate_scaled,sequence_id
African Elephant,0,1979,0.0,1.0,1.0,0.0,0.0,0,0,stable,2.0,3,2,0.7313769751693001,1.0,0.0380840204161758,0.0,0.4421762601767602,0
African Elephant,0,1980,-5.315384615384611,0.946846153846154,0.946846153846154,0.0386116232012252,-5.315384615384611,1,0,stable,2.0,3,2,0.6763033512762632,0.9452022204599526,0.0359971006614116,0.0496650744087528,0.4335309516191595,1
African Elephant,0,1981,-5.613778536030544,0.8936923076923077,0.8936923076923077,0.0561377853603054,-10.929163151415157,1,0,stable,2.0,3,2,0.6732116399991417,0.8904044409199049,0.0339101809066473,0.0722084972323488,0.4244003145853787,2
African Elephant,0,1982,-5.94766741263556,0.8405384615384616,0.8405384615384616,0.0594766741263556,-16.876830564050714,1,0,stable,2.0,3,2,0.669752159313776,0.8356066613798574,0.031823261151883,0.076503218491391,0.4147266176281737,3
African Elephant,0,1983,-6.323785119428937,0.7873846153846153,0.7873846153846153,0.0632378511942893,-23.20061568347965,1,0,stable,2.0,3,2,0.6658551383788287,0.7808088818398097,0.0297363413971187,0.0813411176382338,0.4044411768622902,4
African Elephant,0,1984,-6.750683860883155,0.7342307692307692,0.7342307692307692,0.0675068386088315,-29.951299544362804,1,0,stable,2.0,3,2,0.6614319663172602,0.7260111022997622,0.0276494216423545,0.0868321993389,0.3934613985066036,5
African Elephant,0,1985,-7.23939235201676,0.681076923076923,0.681076923076923,0.0723939235201676,-37.19069189637956,1,0,stable,2.0,3,2,0.6563683726958082,0.6712133227597146,0.0255625018875902,0.0931183229369283,0.381686750916367,6
African Elephant,0,1986,-7.804382200135529,0.6279230769230769,0.6279230769230769,0.0780438220013553,-44.99507409651509,1,0,stable,2.0,3,2,0.6505144146757965,0.616415543219667,0.0234755821328259,0.1003856327572827,0.3689931648254693,7
African Elephant,0,1987,-8.465025113316182,0.5747692307692308,0.5747692307692308,0.0846502511331618,-53.46009920983127,1,0,stable,2.0,3,2,0.643669378622751,0.5616177636796195,0.0213886623780616,0.108883301780348,0.3552250634841967,8
African Elephant,0,1988,-9.247858672376877,0.5216153846153846,0.5216153846153846,0.0924785867237687,-62.70795788220815,1,0,stable,2.0,3,2,0.6355583040491876,0.5068199841395719,0.0193017426232973,0.1189526756468122,0.3401837075890135,9
African Elephant,0,1989,-10.19023742810795,0.4684615384615385,0.4684615384615385,0.1019023742810794,-72.8981953103161,1,0,stable,2.0,3,2,0.6257941539615902,0.4520222045995242,0.0172148228685331,0.1310742357223095,0.3236096018157045,10
African Elephant,0,1990,-0.7935960591132996,0.4647438461538462,0.4647438461538462,0.065607959431513,-73.6917913694294,1,0,stable,2.0,3,2,0.7231543884620089,0.4481895321173672,0.0170688592914741,0.0843897230114152,0.3223188423885743,11
African Elephant,0,1991,-0.8001099033876358,0.4610253846153846,0.4610253846153846,0.0080002758763375,-74.49190127281703,1,0,stable,2.0,3,2,0.7230868973892792,0.4443560666137986,0.0169228655129715,0.0102905359512636,0.3210174883953455,12
African Elephant,0,1992,-0.806396444046964,0.4573076923076923,0.4573076923076923,0.0080647942301789,-75.298297716864,1,0,stable,2.0,3,2,0.7230217614488135,0.4405233941316416,0.0167769019359125,0.0103735241444189,0.3197059095383123,13
African Elephant,0,1993,-0.8129520605550833,0.45359,0.45359,0.0081295206055512,-76.11124977741908,1,0,stable,2.0,3,2,0.7229538375667091,0.4366907216494846,0.0166309383588535,0.0104567799099774,0.318383668173935,14
African Elephant,0,1994,-0.8197847259554969,0.4498715384615384,0.4498715384615384,0.0081970039716572,-76.93103450337458,1,0,stable,2.0,3,2,0.7228830431328763,0.4328572561459159,0.0164849445803509,0.0105435819172782,0.3170503136907655,15
African Elephant,0,1995,-0.8263897557080346,0.4461538461538462,0.4461538461538462,0.0082647478061337,-77.75742425908261,1,0,stable,2.0,3,2,0.7228146072715578,0.429024583663759,0.0163389810032919,0.0106307189579169,0.3157062163311393,16
African Elephant,0,1996,-1.9705172413793104,0.4373623076923077,0.4373623076923077,0.0144530191501332,-79.72794150046192,1,0,stable,2.0,3,2,0.7109601035261149,0.4199611419508327,0.015993808704056,0.0185905230604166,0.3125012310285727,17
African Elephant,0,1997,-2.0099512637823613,0.4285715384615384,0.4285715384615384,0.0201003802577324,-81.73789276424428,1,0,stable,2.0,3,2,0.7105515207657763,0.410898493259318,0.0156486666062637,0.0258545691265533,0.3092321075091112,18
African Elephant,0,1998,-2.051358448369633,0.41978,0.41978,0.020512699327125,-83.78925121261392,1,0,stable,2.0,3,2,0.710122493729082,0.4018350515463917,0.0153034943070278,0.026384923863385,0.3058956364855345,19
African Elephant,0,1999,-2.0941372220613763,0.4109892307692308,0.4109892307692308,0.0209422756661683,-85.8833884346753,1,0,stable,2.0,3,2,0.7096792554192737,0.3927724028548771,0.0149583522092356,0.0269374761539645,0.3024895871106169,20
African Elephant,0,2000,-2.1391165031462545,0.4021976923076923,0.4021976923076923,0.0213902425549739,-88.02250493782155,1,0,stable,2.0,3,2,0.7092132172698841,0.3837089611419508,0.0146131799099997,0.0275136837054895,0.2990103803271926,21
African Elephant,0,2001,-2.185683657290616,0.3934069230769231,0.3934069230769231,0.021857778929458,-90.20818859511216,1,0,stable,2.0,3,2,0.7087307268917292,0.3746463124504362,0.0142680378122074,0.0281150629509705,0.2954554335088776,22
African Elephant,0,2002,-2.23471879772168,0.3846153846153846,0.3846153846153846,0.0223462248961001,-92.44290739283385,1,0,stable,2.0,3,2,0.7082226652786849,0.36558287073751,0.0139228655129715,0.0287433376327033,0.2918207325523643,23
African Elephant,0,2003,-1.1199999999999988,0.3803076923076923,0.3803076923076923,0.0172911644067577,-93.56290739283384,1,0,stable,2.0,3,2,0.7197724604966139,0.3611419508326725,0.013753737428649,0.0222411516449365,0.2899990872180855,24
African Elephant,0,2004,-1.132686084142398,0.376,0.376,0.0113268608414243,-94.69559347697624,1,0,stable,2.0,3,2,0.7196410177737841,0.3567010309278351,0.0135846093443266,0.0145694311677909,0.2881568083606028,25
African Elephant,0,2005,-1.1456628477905073,0.3716923076923077,0.3716923076923077,0.0114566284779055,-95.84125632476676,1,0,stable,2.0,3,2,0.7195065632700711,0.3522601110229977,0.0134154812600042,0.0147363477278147,0.2862934231986974,26
African Elephant,0,2006,-1.1589403973509935,0.3673846153846153,0.3673846153846153,0.0115894039735103,-97.00019672211774,1,0,stable,2.0,3,2,0.7193689922712391,0.3478191911181602,0.0132463531756817,0.0149071332147264,0.2844084425133923,27
African Elephant,0,2007,-1.1725293132328285,0.3630769230769231,0.3630769230769231,0.0117252931323287,-98.17272603535056,1,0,stable,2.0,3,2,0.7192281951518313,0.3433782712133228,0.0130772250913593,0.0150819237214318,0.2825013598770033,28
African Elephant,0,2008,-3.623728813559324,0.34992,0.34992,0.0252641112877642,-101.79645484890987,1,0,stable,2.0,3,2,0.6938308910739563,0.3298144329896907,0.0125606595995288,0.0324965350572987,0.2766074771217247,29
African Elephant,0,2009,-3.75998030319018,0.3367630769230769,0.3367630769230769,0.0375998030319019,-105.55643515210006,1,0,stable,2.0,3,2,0.6924191657073522,0.3162505947660587,0.0120440941076983,0.048363597810998,0.2704919855357546,30
African Elephant,0,2010,-3.9068781521818585,0.3236061538461538,0.3236061538461538,0.0390687815218187,-109.46331330428193,1,0,stable,2.0,3,2,0.6908971315609147,0.3026867565424266,0.0115275286158678,0.050253104647485,0.2641375691451136,31
African Elephant,0,2011,-4.065958620165066,0.3104484615384615,0.3104484615384615,0.0406584298939975,-113.529271924447,1,0,stable,2.0,3,2,0.6892488711815853,0.289122125297383,0.0110109329225937,0.0522978258516821,0.2575244132970829,32
African Elephant,0,2012,-4.238037776615967,0.2972915384615384,0.2972915384615384,0.0423815816702937,-117.76730970106296,1,0,stable,2.0,3,2,0.6874659291316765,0.275558287073751,0.0104943674307631,0.0545142688315932,0.2506313760271992,33
African Elephant,0,2013,-4.42559621609454,0.2841346153846154,0.2841346153846154,0.0442559621609454,-122.1929059171575,1,0,stable,2.0,3,2,0.6855226035397879,0.2619944488501189,0.0099778019389326,0.0569252331687666,0.2434332807607254,34
African Elephant,0,2014,-4.630524534686975,0.2709776923076923,0.2709776923076923,0.0463052453468698,-126.82343045184447,1,0,stable,2.0,3,2,0.6833993056112567,0.2484306106264869,0.0094612364471021,0.0595611700570741,0.2359018759269075,35
African Elephant,0,2015,8.903656559864427,0.2951046153846154,0.2951046153846154,0.0426243076990777,-117.91977389198004,0,1,stable,2.0,3,2,0.823629308374216,0.2733037272006344,0.0104085047265259,0.0548264806807991,0.2503833977396735,36
African Elephant,0,2016,8.175457986216106,0.3192307692307692,0.3192307692307692,0.0817559542204413,-109.74431590576394,0,1,stable,2.0,3,2,0.8160843163808846,0.2981760507533703,0.011355742804506,0.105160446857048,0.2636805271112655,37
African Elephant,0,2017,0.0,0.3192307692307692,0.3192307692307692,0.0447613959445751,-109.74431590576394,0,0,stable,2.0,3,2,0.7313769751693001,0.2981760507533703,0.011355742804506,0.0575753588146594,0.2636805271112655,38
African Elephant,0,2018,0.0,0.3192307692307692,0.3192307692307692,0.0,-109.74431590576394,0,0,stable,2.0,3,2,0.7313769751693001,0.2981760507533703,0.011355742804506,0.0,0.2636805271112655,39
African Elephant,0,2019,0.0,0.3192307692307692,0.3192307692307692,0.0,-109.74431590576394,0,0,stable,2.0,3,2,0.7313769751693001,0.2981760507533703,0.011355742804506,0.0,0.2636805271112655,40
African Elephant,0,2020,0.0,0.3192307692307692,0.3192307692307692,0.0,-109.74431590576394,0,0,stable,2.0,3,2,0.7313769751693001,0.2981760507533703,0.011355742804506,0.0,0.2636805271112655,41
African Elephant,0,2021,0.0,0.3192307692307692,0.3192307692307692,0.0,-109.74431590576394,0,0,stable,2.0,3,2,0.7313769751693001,0.2981760507533703,0.011355742804506,0.0,0.2636805271112655,42
African Elephant,0,2022,0.0,0.3192307692307692,0.3192307692307692,0.0,-109.74431590576394,0,0,stable,2.0,3,2,0.7313769751693001,0.2981760507533703,0.011355742804506,0.0,0.2636805271112655,43
Asian Elephant,2,1993,0.0,0.8154196862985268,1.0,0.0,0.0,0,0,moderate_decline,1.0,3,2,0.7313769751693001,0.809711016802605,0.0380840204161758,0.0,0.4421762601767602,0
Asian Elephant,2,1994,0.9263122757239506,0.8229730189513796,1.0092631227572395,0.0065198199702376,0.9263122757239506,0,1,moderate_decline,1.0,3,2,0.7409746576649501,0.8174979576818348,0.0384477079998916,0.0083862660283925,0.4436828784224367,1
Asian Elephant,2,1995,0.9178104845377844,0.8305263516042326,1.0185262455144788,0.0091781048453778,1.844122760261735,0,1,moderate_decline,1.0,3,2,0.7408865691287322,0.8252848985610647,0.0388113955836073,0.0118055451256594,0.4451756687678925,2
Asian Elephant,2,1996,0.9053666530110638,0.8380456602361267,1.0277476424935326,0.0090742815596804,2.7494894132727987,0,1,moderate_decline,1.0,3,2,0.7407576364273606,0.8330367631300276,0.0391734449349639,0.0116720000741435,0.4466482196065257,3
Asian Elephant,2,1997,0.9013032357598094,0.8455989928889797,1.0370107652507718,0.0089926186745045,3.650792649032608,0,1,moderate_decline,1.0,3,2,0.7407155346549379,0.8408237040092574,0.0395371325186797,0.0115669593394519,0.4481141614227688,4
Asian Elephant,2,1998,1.235263348489113,0.8560443673233302,1.0498205791538011,0.0106761045282999,4.886055997521721,0,1,moderate_decline,1.0,3,2,0.7441757534301693,0.8515921312611653,0.0400400698529172,0.0137323811286134,0.4501232790257873,5
Asian Elephant,2,1999,1.2241653418124,0.8665237657786398,1.0626721188350163,0.0122216240710109,6.110221339334121,0,1,moderate_decline,1.0,3,2,0.7440607650539929,0.86239563482334,0.0405446454195137,0.0157203406269462,0.4521143460644466,6
Asian Elephant,2,2000,1.2054342704570509,0.8769691402129903,1.0754819327380456,0.012074138535188,7.315655609791172,0,1,moderate_decline,1.0,3,2,0.7438666891679409,0.8731640620752479,0.0410475827537513,0.0155306340178073,0.4540749475953018,7
Asian Elephant,2,2001,1.1949563530552876,0.8874485386682999,1.0883334724192606,0.0119300158614693,8.51061196284646,0,1,moderate_decline,1.0,3,2,0.743758125644523,0.8839675656374226,0.0415521583203478,0.015345252966176,0.4560185071178108,8
Asian Elephant,2,2002,1.1770118467967716,0.8978939131026504,1.10114328632229,0.0117894439027703,9.687623809643233,0,1,moderate_decline,1.0,3,2,0.743572199496156,0.8947359928893305,0.0420550956545853,0.015164439102118,0.4579328804563002,9
Asian Elephant,2,2003,0.958696475937848,0.906501990405226,1.111699908203288,0.0106337628110196,10.64632028558108,0,1,moderate_decline,1.0,3,2,0.7413101959922227,0.9036102993868312,0.0424695684414325,0.013677918136256,0.4594921706012839,10
Asian Elephant,2,2004,0.9533460946590022,0.9151440917287604,1.122298255862472,0.0095145814224507,11.599666380240082,0,1,moderate_decline,1.0,3,2,0.7412547597618167,0.9125196821945986,0.0428856794606388,0.0122383457398693,0.46104275851672,11
Asian Elephant,2,2005,0.9406253485518824,0.9237521690313362,1.13285487774347,0.009424965833393,12.540291728791964,0,1,moderate_decline,1.0,3,2,0.7411229579003455,0.9213939886920992,0.043300152247486,0.0121230756597813,0.4625726565323396,12
Asian Elephant,2,2006,0.9355432780847162,0.9323942703548704,1.1434532254026537,0.0093369079949477,13.47583500687668,0,1,moderate_decline,1.0,3,2,0.7410703016848957,0.9303033714998666,0.0437162632666923,0.0120098092716818,0.4640942887176422,13
Asian Elephant,2,2007,0.92322288716975,0.9410023476574462,1.1540098472836515,0.0092505929023669,14.399057894046429,0,1,moderate_decline,1.0,3,2,0.7409426479731582,0.9391776779973672,0.0441307360535395,0.0118987845299017,0.4655958821684567,14
Asian Elephant,2,2008,1.254655240987823,0.9528086829301486,1.1684886923141116,0.0108791207722016,15.653713135034252,0,1,moderate_decline,1.0,3,2,0.7443766761989482,0.9513491576599472,0.0446992026821402,0.0139935153680889,0.4676365400844156,15
Asian Elephant,2,2009,1.2391086987573183,0.9646150182028512,1.1829675373445714,0.0123910869875732,16.892821833791572,0,1,moderate_decline,1.0,3,2,0.7442155957726773,0.9635206373225272,0.0452676693107409,0.0159383161395717,0.4696519120306258,16
Asian Elephant,2,2010,1.2204155056259047,0.9763873294545948,1.1974046565968457,0.0122219390578739,18.11323733941748,0,1,moderate_decline,1.0,3,2,0.7440219123494872,0.9756570406748404,0.0458344977069825,0.0157207457859293,0.471636880076791,17
Asian Elephant,2,2011,1.2091856291598369,0.9881936647272976,1.2118835016273053,0.0120742968074884,19.32242296857732,0,1,moderate_decline,1.0,3,2,0.7439055576475024,0.9878285203374204,0.0464029643355832,0.0155308375991365,0.473603583076466,18
Asian Elephant,2,2012,1.1947390166643812,1.0,1.2263623466577651,0.0119473901666437,20.517161985241696,0,1,moderate_decline,1.0,3,2,0.7437558737844006,1.0,0.0469714309641839,0.0153676010595155,0.475546789108062,19
Asian Elephant,2,2013,-1.4153992718859532,0.9858460072811404,1.2090044229324877,0.0076516881379418,19.101762713355743,1,0,moderate_decline,1.0,3,2,0.716711777295809,0.985408254929011,0.0462899263028067,0.0098421570816373,0.4732446860011221,20
Asian Elephant,2,2014,-1.4357204486626365,0.9716920145622808,1.1916464992072102,0.0143572044866263,17.666042264693107,1,0,moderate_decline,1.0,3,2,0.7165012260511026,0.9708165098580216,0.0456084216414295,0.0184672792804875,0.4709095311291266,21
Asian Elephant,2,2015,-1.4531321124689245,0.9575720458643804,1.1743303012601185,0.0145486624435948,16.212910152224183,1,0,moderate_decline,1.0,3,2,0.7163208207759991,0.9562598410972992,0.0449285552124114,0.0187135464117457,0.4685460567248679,22
Asian Elephant,2,2016,-1.4781125639567905,0.9434180531455209,1.156972377534841,0.0147635382838331,14.734797588267392,1,0,moderate_decline,1.0,3,2,0.7160619939761587,0.9416680960263102,0.0442470505510342,0.0189899353254793,0.4661419523894476,23
Asian Elephant,2,2017,-1.5002885170225078,0.9292640604266612,1.1396144538095636,0.015002885170225,13.234509071244885,1,0,moderate_decline,1.0,3,2,0.7158322250719338,0.9270763509553208,0.043565545889657,0.0192978006762884,0.4637017795527457,24
Asian Elephant,2,2018,-3.5625366139425907,0.8961586880337519,1.099015271634816,0.0262796478872183,9.671972457302294,1,0,moderate_decline,1.0,3,2,0.6944649140903013,0.8929471010657237,0.0419715458042723,0.0338027919974394,0.4579074240161511,25
Asian Elephant,2,2019,-3.694141766961545,0.8630533156408424,1.0584160894600685,0.0369414176696152,5.977830690340749,1,0,moderate_decline,1.0,3,2,0.6931013302249356,0.8588178511761263,0.0403775457188876,0.0475167347346339,0.451899016771553,26
Asian Elephant,2,2020,-3.839785539698816,0.8299139192269742,1.0177751815071352,0.0383786499914931,2.1380451506419345,1,0,moderate_decline,1.0,3,2,0.6915922897805472,0.8246535249762622,0.0387819074011439,0.0493654073438307,0.4456537244384962,27
Asian Elephant,2,2021,-3.98901279107904,0.7968085468340649,0.9771759993323876,0.0399100827910772,-1.850967640437104,1,0,moderate_decline,1.0,3,2,0.6900461202910771,0.7905242750866649,0.0371879073157592,0.0513352474499295,0.4391657185998822,28
Asian Elephant,2,2022,-4.154746146291477,0.7637031744411554,0.93657681715764,0.0415474614629145,-6.005713786728581,1,0,moderate_decline,1.0,3,2,0.6883289281907947,0.7563950251970676,0.0355939072303745,0.0534413628325515,0.4324081525887173,29
Asiatic Lion,3,2005,0.0,0.44875,1.0,0.0,0.0,0,0,moderate_recovery,3.0,3,2,0.7313769751693001,0.431701030927835,0.0380840204161758,0.0,0.4421762601767602,0
Asiatic Lion,3,2006,2.785515320334264,0.46125,1.0278551532033426,0.0194260104721525,2.785515320334264,0,1,moderate_recovery,3.0,3,2,0.7602381835673458,0.4445876288659794,0.0391776660071983,0.0249871457238828,0.446706814629304,1
Asiatic Lion,3,2007,2.981029810298108,0.475,1.0584958217270195,0.0284403452284918,5.766545130632372,0,1,moderate_recovery,3.0,3,2,0.7622639431811925,0.4587628865979382,0.0403806761573231,0.0365820378651899,0.4515553673483,2
Asiatic Lion,3,2008,2.631578947368429,0.4875,1.086350974930362,0.0276662884224488,8.398124078000802,0,1,moderate_recovery,3.0,3,2,0.7586432220506119,0.4716494845360824,0.0414743217483455,0.0355863897757951,0.4558355490547822,3
Asiatic Lion,3,2009,2.8205128205128105,0.50125,1.116991643454039,0.0269102497977535,11.218636898513612,0,1,moderate_recovery,3.0,3,2,0.7606007987497827,0.4858247422680413,0.0426773318984703,0.0346139179800435,0.46042302585814,4
Asiatic Lion,3,2010,2.493765586034913,0.51375,1.1448467966573816,0.0262162250525537,13.712402484548525,0,1,moderate_recovery,3.0,3,2,0.7572153138598199,0.4987113402061857,0.0437709774894928,0.033721212940625,0.4644790583979485,5
Asiatic Lion,3,2011,5.352798053527974,0.54125,1.2061281337047354,0.03944748323793,19.0652005380765,0,1,moderate_recovery,3.0,3,2,0.7868382461979534,0.5270618556701031,0.0461769977897422,0.0507402183026497,0.4731852187546859,6
Asiatic Lion,3,2012,5.311778290993074,0.57,1.270194986072423,0.0519273502514885,24.37697882906957,0,1,moderate_recovery,3.0,3,2,0.7864132333084835,0.5567010309278351,0.0486923826490939,0.0667927297603928,0.481824661737285,7
Asiatic Lion,3,2013,4.824561403508776,0.5975,1.3314763231197773,0.0493822643210942,29.20154023257836,0,1,moderate_recovery,3.0,3,2,0.7813650944517048,0.5850515463917527,0.0510984029493434,0.0635190553683333,0.4896716615325023,8
Asiatic Lion,3,2014,4.811715481171541,0.62625,1.3955431754874652,0.0470421988341021,34.01325571374989,0,1,moderate_recovery,3.0,3,2,0.7812319956175561,0.6146907216494846,0.0536137878086951,0.0605090931627265,0.4974977678326391,9
Asiatic Lion,3,2015,4.3912175648702645,0.65375,1.456824512534819,0.0449437785132737,38.40447327862016,0,1,moderate_recovery,3.0,3,2,0.776875143617956,0.6430412371134022,0.0560198081089446,0.0578099525223124,0.5046399472869686,10
Asiatic Lion,3,2016,5.736137667304009,0.69125,1.5403899721448469,0.0496557310093802,44.140610945924166,0,1,moderate_recovery,3.0,3,2,0.7908100945664229,0.6817010309278352,0.059300744882012,0.0638708080867118,0.5139695976605626,11
Asiatic Lion,3,2017,5.424954792043391,0.72875,1.6239554317548746,0.0542495479204242,49.56556573796756,0,1,moderate_recovery,3.0,3,2,0.7875858747076278,0.7203608247422681,0.0625816816550795,0.0697797090805438,0.5227931187191334,12
Asiatic Lion,3,2018,5.317324185248706,0.7675,1.7103064066852367,0.0522880561536341,54.88288992321627,0,1,moderate_recovery,3.0,3,2,0.7864706952828251,0.7603092783505155,0.0659719829872492,0.0672566958924658,0.5314415819270853,13
Asiatic Lion,3,2019,4.885993485342022,0.805,1.7938718662952646,0.0497034754312115,59.76888340855829,0,1,moderate_recovery,3.0,3,2,0.7820016029293901,0.7989690721649486,0.0692529197603166,0.0639322204301011,0.539388499101987,14
Asiatic Lion,3,2020,4.658385093167694,0.8425,1.8774373259052928,0.0465838509316698,64.42726850172598,0,1,moderate_recovery,3.0,3,2,0.7796433128163424,0.8376288659793816,0.0725338565333841,0.059919532797425,0.5469652182718467,15
Asiatic Lion,3,2021,4.747774480712175,0.8825,1.966573816155989,0.045956584799335,69.17504298243816,0,1,moderate_recovery,3.0,3,2,0.780569491797898,0.8788659793814434,0.076033522424656,0.0591126975350445,0.5546873265138086,16
Asiatic Lion,3,2022,4.39093484419264,0.92125,2.052924791086351,0.0446405140154184,73.5659778266308,0,1,moderate_recovery,3.0,3,2,0.776872214299874,0.9188144329896908,0.0794238237568257,0.0574198716968309,0.5618290461317066,17
Asiatic Lion,3,2023,4.206241519674348,0.96,2.139275766016713,0.0420624151967379,77.77221934630515,0,1,moderate_recovery,3.0,3,2,0.7749585746620885,0.9587628865979382,0.0828141250889954,0.0541037337298877,0.5686703677738179,18
Asiatic Lion,3,2024,4.166666666666674,1.0,2.2284122562674096,0.0409995523516884,81.93888601297182,0,1,moderate_recovery,3.0,3,2,0.7745485327313769,1.0,0.0863137909802673,0.0527366023350075,0.5754473221424146,19
Bengal Tiger,4,2006,0.0,0.3832156436719174,1.0,0.0,0.0,0,0,moderate_recovery,3.0,3,2,0.7313769751693001,0.3641398388370283,0.0380840204161758,0.0,0.4421762601767602,0
Bengal Tiger,4,2007,5.244507441530821,0.4033134166214014,1.0524450744153082,0.0361366725191995,5.244507441530821,0,1,moderate_recovery,3.0,3,2,0.7857162283445291,0.3848591923931974,0.0401431124623207,0.046481613067586,0.4507062892048451,1
Bengal Tiger,4,2008,4.915824915824918,0.423139598044541,1.104181431608788,0.0495064437974177,10.160332357355738,0,1,moderate_recovery,3.0,3,2,0.7823106915657705,0.4052985546850938,0.0421743789402743,0.0636787840308529,0.4587017262780986,2
Bengal Tiger,4,2009,4.7496790757381335,0.443237370994025,1.1566265060240963,0.0471661391815399,14.910011433093873,0,1,moderate_recovery,3.0,3,2,0.780589225638009,0.4260179082412629,0.0442334709864191,0.0606685142403037,0.4664269322849201,3
Bengal Tiger,4,2010,4.534313725490202,0.4633351439435089,1.2090715804394048,0.0453431372548991,19.44432515858407,0,1,moderate_recovery,3.0,3,2,0.7783577878103837,0.4467372617974319,0.0462925630325639,0.0583236367441657,0.4738018532154519,4
Bengal Tiger,4,2011,7.62016412661195,0.4986420423682781,1.3012048192771084,0.0598800352096352,27.06448928519602,0,1,moderate_recovery,3.0,3,2,0.8103308201831801,0.483136126152864,0.0499098868974129,0.0770220508157995,0.486195814311596,5
Bengal Tiger,4,2012,7.080610021786482,0.5339489407930472,1.3933380581148125,0.070806100217861,34.1450993069825,0,1,moderate_recovery,3.0,3,2,0.8047404063205416,0.5195349905082962,0.0535272107622619,0.0910759492701692,0.4977122073562701,6
Bengal Tiger,4,2013,6.612410986775186,0.5692558392178164,1.485471296952516,0.0661241098677484,40.75751029375769,0,1,moderate_recovery,3.0,3,2,0.7998893147388217,0.5559338548637284,0.0571445346271109,0.0850536331943191,0.5084670891619781,7
Bengal Tiger,4,2014,6.202290076335881,0.6045627376425855,1.5776045357902198,0.0620229007633558,46.959800370093575,0,1,moderate_recovery,3.0,3,2,0.7956399807006358,0.5923327192191604,0.0607618584919599,0.079778360143145,0.518554922000729,8
Bengal Tiger,4,2015,8.310871518418693,0.6548071700162955,1.7087172218284905,0.0705324112841215,55.27067188851227,0,1,moderate_recovery,3.0,3,2,0.8174873595249249,0.6441311031095831,0.0659095886073219,0.0907239106835451,0.5320722972911915,9
Bengal Tiger,4,2016,7.673164661965992,0.7050516023900054,1.8398299078667613,0.0767316466196566,62.94383655047826,0,1,moderate_recovery,3.0,3,2,0.810879967942266,0.6959294870000057,0.071057318722684,0.0986978174683536,0.544552462117641,10
Bengal Tiger,4,2017,7.1648690292758,0.7555676262900598,1.9716513111268603,0.0714469988257821,70.10870557975406,0,1,moderate_recovery,3.0,3,2,0.8056134285426092,0.7480078621547009,0.0762328744062371,0.0919003196128763,0.5562058998300508,11
Bengal Tiger,4,2018,6.649892163910853,0.8058120586637697,2.102763997165132,0.0666867194552449,76.75859774366491,0,1,moderate_recovery,3.0,3,2,0.8002776637299114,0.7998062460451235,0.0813806045215992,0.0857773025122463,0.5670217436102698,12
Bengal Tiger,4,2019,6.033029996629602,0.8544269418794134,2.229624379872431,0.0613855789449013,82.79162774029452,0,1,moderate_recovery,3.0,3,2,0.7938862475948755,0.8499246823499108,0.0863613812278143,0.0789585905268586,0.576834280168238,13
Bengal Tiger,4,2020,5.657978385251106,0.9027702335687128,2.3557760453579024,0.0567448024032676,88.44960612554561,0,1,moderate_recovery,3.0,3,2,0.7900002726598251,0.8997631273904255,0.0913143323658383,0.0729892866451373,0.5860368068887228,14
Bengal Tiger,4,2021,5.38507821901324,0.9513851167843564,2.482636428065202,0.0536950466539293,93.83468434455884,0,1,moderate_recovery,3.0,3,2,0.78717270660332,0.9498815636952128,0.0962951090720534,0.0690664692740562,0.5947954699355014,15
Bengal Tiger,4,2022,5.109905795032832,1.0,2.6094968107725016,0.0510990579503268,98.94459013959168,0,1,moderate_recovery,3.0,3,2,0.784321597289392,1.0,0.1012758857782686,0.0657273200376518,0.6031065735516851,16
California Condor,5,1982,0.0,0.0392156862745098,1.0,0.0,0.0,0,0,moderate_recovery,3.0,4,1,0.7313769751693001,0.0095007074994946,0.0380840204161758,0.0,0.4421762601767602,0
California Condor,5,1983,4.545454545454541,0.0409982174688057,1.0454545454545454,0.0314269680525957,4.545454545454541,0,1,moderate_recovery,3.0,4,1,0.7784732197824747,0.0113383685245419,0.0398686511760716,0.040423649082024,0.4495693013061385,1
California Condor,5,1984,4.347826086956519,0.0427807486631016,1.0909090909090908,0.0434782608693761,8.89328063241106,0,1,moderate_recovery,3.0,4,1,0.7764255569732063,0.0131760295495892,0.0416532819359674,0.0559248972773621,0.4566409058646742,2
California Condor,5,1985,4.166666666666674,0.0445632798573975,1.1363636363636365,0.041666666666493,13.059947299077734,0,1,moderate_recovery,3.0,4,1,0.7745485327313769,0.0150136905746366,0.0434379126958632,0.0535946932241484,0.463417860233271,3
California Condor,5,1986,4.000000000000004,0.0463458110516934,1.181818181818182,0.03999999999984,17.059947299077738,0,1,moderate_recovery,3.0,4,1,0.7728216704288938,0.0168513515996839,0.045222543455759,0.0514509054951911,0.4699237364271238,4
California Condor,5,1987,3.846153846153855,0.0481283422459893,1.2272727272727273,0.0384615384613905,20.90610114523159,0,1,moderate_recovery,3.0,4,1,0.7712276436881402,0.0186890126247312,0.0470071742156547,0.0494720245146144,0.4761793866135208,5
California Condor,5,1988,25.92592592592593,0.0606060606060606,1.5454545454545454,0.1503068601215739,46.832027071157526,0,1,moderate_recovery,3.0,4,1,1.0,0.0315526398000624,0.0594995895349252,0.1933356013856235,0.5183471026847895,6
California Condor,5,1989,20.58823529411764,0.0730837789661319,1.8636363636363635,0.2058823529405709,67.42026236527516,0,1,moderate_recovery,3.0,4,1,0.9446952595936792,0.0444162669753937,0.0719920048541956,0.2648208371078816,0.5518332301531499,7
California Condor,5,1990,19.512195121951216,0.0873440285204991,2.227272727272727,0.1815859717608139,86.93245748722637,0,1,moderate_recovery,3.0,4,1,0.9335462203380496,0.0591175551757722,0.0862690509333618,0.2335690668088861,0.5835692115865785,8
California Condor,5,1991,14.28571428571428,0.0998217468805704,2.5454545454545454,0.1542237020434872,101.21817177294064,0,1,moderate_recovery,3.0,4,1,0.8793937439535632,0.0719811823511035,0.0987614662526323,0.1983737279747428,0.6068044837074815,9
California Condor,5,1992,12.5,0.1122994652406417,2.863636363636364,0.1249999999997767,113.71817177294064,0,1,moderate_recovery,3.0,4,1,0.8608916478555304,0.0848448095264347,0.1112538815719027,0.1607840796728281,0.6271353468132719,10
California Condor,5,1993,20.63492063492063,0.1354723707664884,3.4545454545454546,0.1561367933088708,134.35309240786128,0,1,moderate_recovery,3.0,4,1,0.9451789745243468,0.1087344028520499,0.1344540814505478,0.2008344849222258,0.6606974065434652,11
California Condor,5,1994,15.789473684210533,0.1568627450980392,4.0,0.1652422848765309,150.1425660920718,0,1,moderate_recovery,3.0,4,1,0.89497445645717,0.1307863351526177,0.1558696505692972,0.2125466295756461,0.6863784967823581,12
California Condor,5,1995,13.636363636363647,0.17825311942959,4.545454545454546,0.1363636363634813,163.77892972843546,0,1,moderate_recovery,3.0,4,1,0.8726657090088241,0.1528382674531856,0.1772852196880465,0.1754008141886537,0.708557620170493,13
California Condor,5,1996,12.99999999999999,0.2014260249554367,5.136363636363637,0.1246179357707133,176.77892972843546,0,1,moderate_recovery,3.0,4,1,0.8660722347629795,0.1767278607788007,0.2004854195666916,0.1602926409092603,0.7297017178005147,14
California Condor,5,1997,11.504424778761058,0.2245989304812834,5.727272727272728,0.1150442477875088,188.2833545071965,0,1,moderate_recovery,3.0,4,1,0.8505763199424677,0.2006174541044159,0.2236856194453367,0.1479782680176035,0.7484133086235429,15
California Condor,5,1998,9.523809523809534,0.2459893048128342,6.2727272727272725,0.0994960176843295,197.80716403100607,0,1,moderate_recovery,3.0,4,1,0.8300548210254757,0.2226693864049838,0.2451011885640861,0.1279790050761194,0.7639034900374784,16
California Condor,5,1999,8.695652173913038,0.267379679144385,6.818181818181818,0.0869565217390674,206.5028162049191,0,1,moderate_recovery,3.0,4,1,0.8214741387771124,0.2447213187055516,0.2665167576828354,0.1118497945551295,0.7780466991545498,17
California Condor,5,2000,8.666666666666668,0.2905525846702317,7.409090909090909,0.0831707287516566,215.16948287158576,0,1,moderate_recovery,3.0,4,1,0.8211738148984198,0.2686109120311667,0.2897169575614805,0.1069802326246193,0.7921427642412311,18
California Condor,5,2001,12.269938650306743,0.3262032085561497,8.318181818181818,0.1005440132240655,227.4394215218925,0,1,moderate_recovery,3.0,4,1,0.8585079422232684,0.3053641325321132,0.3254095727593961,0.1293270130629833,0.8120994396824975,19
California Condor,5,2002,10.92896174863387,0.3618538324420677,9.227272727272728,0.109289617486279,238.3683832705264,0,1,moderate_recovery,3.0,4,1,0.8446138474632718,0.3421173530330595,0.3611021879573116,0.1405762445228654,0.829875057698489,20
California Condor,5,2003,9.852216748768484,0.3975044563279857,10.136363636363637,0.0985221674876361,248.2206000192949,0,1,moderate_recovery,3.0,4,1,0.8334575053653438,0.378870573534006,0.3967948031552272,0.1267263682152007,0.8458993832991119,21
California Condor,5,2004,8.520179372197312,0.4313725490196078,11.0,0.0875844459658892,256.7407793914922,0,1,moderate_recovery,3.0,4,1,0.8196560345787486,0.4137861330099051,0.430702787593247,0.1126574763064415,0.8597571913353457,22
California Condor,5,2005,8.264462809917351,0.4670231729055258,11.909090909090908,0.0804764923042862,265.00524220140954,0,1,moderate_recovery,3.0,4,1,0.8170065108296176,0.4505393535108514,0.4663954027911625,0.1035147100037217,0.8731990842978515,23
California Condor,5,2006,7.6335877862595325,0.5026737967914439,12.818181818181818,0.0763358778625662,272.63882998766906,0,1,moderate_recovery,3.0,4,1,0.8104699050540207,0.4872925740117978,0.5020880179890781,0.0981887509453764,0.8856148785609295,24
California Condor,5,2007,7.092198581560294,0.5383244206773619,13.727272727272728,0.0709219858155776,279.7310285692293,0,1,moderate_recovery,3.0,4,1,0.8048604774026223,0.5240457945127442,0.5377806331869937,0.0912250097435791,0.8971501200393921,25
California Condor,5,2008,6.62251655629138,0.5739750445632799,14.636363636363637,0.0662251655628919,286.3535451255207,0,1,moderate_recovery,3.0,4,1,0.7999940203010776,0.5607990150136907,0.5734732483849092,0.0851836183698341,0.9079214382411352,26
California Condor,5,2009,5.2795031055900665,0.6042780748663101,15.409090909090908,0.0576955114562191,291.6330482311108,0,1,moderate_recovery,3.0,4,1,0.7860788245026148,0.5920392524394951,0.6038119713031374,0.074212157686063,0.916508386633643,27
California Condor,5,2010,5.014749262536866,0.6345811051693404,16.181818181818183,0.0501474926253538,296.64779749364766,0,1,moderate_recovery,3.0,4,1,0.7833356639165783,0.6232794898652995,0.6341506942213657,0.0645033475974549,0.9246647210949628,28
California Condor,5,2011,5.0561797752809,0.6666666666666666,17.0,0.0491180003473204,301.7039772689285,0,1,moderate_recovery,3.0,4,1,0.7837649326603595,0.6563573883161512,0.6662740478994896,0.0631791398498214,0.9328884410029228,29
California Condor,5,2012,4.545454545454541,0.696969696969697,17.772727272727273,0.0468395560850011,306.2494318143831,0,1,moderate_recovery,3.0,4,1,0.7784732197824747,0.6875976257419557,0.6966127708177179,0.0602484393393933,0.9402814821323012,30
California Condor,5,2013,4.347826086956519,0.7272727272727273,18.545454545454547,0.043478260869554,310.5972579013396,0,1,moderate_recovery,3.0,4,1,0.7764255569732063,0.7188378631677602,0.7269514937359461,0.0559248972775909,0.9473530866908368,31
California Condor,5,2014,4.166666666666674,0.7575757575757576,19.318181818181817,0.0416666666666564,314.7639245680063,0,1,moderate_recovery,3.0,4,1,0.7745485327313769,0.7500781005935646,0.7572902166541743,0.0535946932243585,0.9541300410594338,32
California Condor,5,2015,3.0588235294117583,0.7807486631016043,19.90909090909091,0.0355099420814919,317.82274809741807,0,1,moderate_recovery,3.0,4,1,0.7630699774266364,0.7739676939191797,0.7804904165328195,0.0456754668545465,0.9591051228547328,33
California Condor,5,2016,2.9680365296803624,0.803921568627451,20.5,0.0296803652967967,320.79078462709845,0,1,moderate_recovery,3.0,4,1,0.7621293175422863,0.797857287244795,0.8036906164114646,0.0381770417488587,0.9639325424049664,34
California Condor,5,2017,2.882483370288247,0.8270944741532977,21.09090909090909,0.028824833702876,323.6732679973867,0,1,moderate_recovery,3.0,4,1,0.7612428863874109,0.8217468805704101,0.8268908162901096,0.0370765948691801,0.96862081238945,35
California Condor,5,2018,3.0172413793103425,0.8520499108734403,21.727272727272727,0.0290805873661517,326.69050937669704,0,1,moderate_recovery,3.0,4,1,0.7626391375418384,0.8474741349210726,0.8518756469286505,0.0374055638081626,0.9735282621046408,36
California Condor,5,2019,2.7196652719665204,0.875222816399287,22.318181818181817,0.0282688473140611,329.41017464866354,0,1,moderate_recovery,3.0,4,1,0.7595558997704882,0.8713637282466877,0.8750758468072956,0.0363614447904891,0.9779517134916746,37
California Condor,5,2020,2.6476578411405383,0.8983957219251337,22.90909090909091,0.0264765784113998,332.05783248980407,0,1,moderate_recovery,3.0,4,1,0.758809818263736,0.8952533215723029,0.8982760466859407,0.0340560983421599,0.9822580470212106,38
California Condor,5,2021,3.769841269841279,0.9322638146167558,23.77272727272728,0.0318052903941262,335.82767375964534,0,1,moderate_recovery,3.0,4,1,0.7704369558207029,0.930168881048202,0.9321840311239604,0.040910274758046,0.9883895771642266,39
California Condor,5,2022,3.632887189292533,0.966131907308378,24.63636363636364,0.0363288718929184,339.4605609489379,0,1,moderate_recovery,3.0,4,1,0.7690179507874778,0.965084440524101,0.9660920155619804,0.0467288338629231,0.9942983557341696,40
California Condor,5,2023,3.505535055350561,1.0,25.5,0.035055350553499,342.96609600428843,0,1,moderate_recovery,3.0,4,1,0.7676984331920068,1.0,1.0,0.0450907382109021,1.0,41
Ganges River Dolphin,6,2000,0.0,1.0,1.0,0.0,0.0,0,0,moderate_recovery,3.0,3,0,0.7313769751693001,1.0,0.0380840204161758,0.0,0.4421762601767602,0
Ganges River Dolphin,6,2001,-2.500000000000002,0.975,0.975,0.0179014374983931,-2.500000000000002,1,0,moderate_recovery,3.0,3,0,0.7054740406320541,0.9742268041237112,0.0371024734982332,0.0230261292240395,0.4381100875556021,1
Ganges River Dolphin,6,2002,-2.564102564102566,0.95,0.95,0.0256410256410249,-5.064102564102568,1,0,moderate_recovery,3.0,3,0,0.7048098628234067,0.9484536082474228,0.0361209265802905,0.0329813496765356,0.4339396540980041,2
Ganges River Dolphin,6,2003,-2.631578947368418,0.925,0.925,0.0263157894736835,-7.695681511470987,1,0,moderate_recovery,3.0,3,0,0.7041107282879885,0.9226804123711342,0.0351393796623478,0.0338492799311812,0.429659472391522,3
Ganges River Dolphin,6,2004,-2.7027027027026973,0.9,0.9,0.0270270270270262,-10.398384214173683,1,0,moderate_recovery,3.0,3,0,0.7033738026966018,0.8969072164948455,0.0341578327444051,0.0347641253347267,0.4252636100983782,4
Ganges River Dolphin,6,2005,-2.777777777777779,0.875,0.875,0.027777777777777,-13.176161991951464,1,0,moderate_recovery,3.0,3,0,0.7025959367945823,0.8711340206185568,0.0331762858264625,0.0357297954829135,0.4207456405193137,5
Ganges River Dolphin,6,2006,-2.857142857142858,0.85,0.85,0.0285714285714277,-16.03330484909432,1,0,moderate_recovery,3.0,3,0,0.7017736214124475,0.8453608247422681,0.0321947389085198,0.0367506467824253,0.416098586095133,6
Ganges River Dolphin,6,2007,-2.941176470588236,0.825,0.825,0.0294117647058814,-18.97448131968256,1,0,moderate_recovery,3.0,3,0,0.700902934537246,0.8195876288659795,0.0312131919905771,0.0378315481583789,0.411314853599653,7
Ganges River Dolphin,6,2008,-3.030303030303028,0.8,0.8,0.0303030303030293,-22.004784349985584,1,0,moderate_recovery,3.0,3,0,0.699979478760517,0.7938144329896909,0.0302316450726344,0.0389779587086328,0.4063861595134008,8
Ganges River Dolphin,6,2009,-3.125,0.775,0.775,0.031249999999999,-25.129784349985584,1,0,moderate_recovery,3.0,3,0,0.6989983069977426,0.7680412371134022,0.0292500981546917,0.0401960199182775,0.4013034437369532,9
Ganges River Dolphin,6,2010,-3.2258064516129004,0.75,0.75,0.0322580645161279,-28.355590801598485,1,0,moderate_recovery,3.0,3,0,0.6979538338309181,0.7422680412371135,0.0282685512367491,0.0414926657220929,0.3960567693870719,10
Ganges River Dolphin,6,2011,-3.3333333333333326,0.725,0.725,0.0333333333333322,-31.688924134931817,1,0,moderate_recovery,3.0,3,0,0.6968397291196388,0.7164948453608248,0.0272870043188064,0.0428757545794959,0.3906352058921945,11
Ganges River Dolphin,6,2012,-3.4482758620689613,0.7,0.7,0.0344827586206884,-35.13719999700078,1,0,moderate_recovery,3.0,3,0,0.6956487896006849,0.6907216494845361,0.0263054574008637,0.0443542288753406,0.3850266919319765,12
Ganges River Dolphin,6,2013,-3.57142857142857,0.675,0.675,0.0357142857142844,-38.70862856842935,1,0,moderate_recovery,3.0,3,0,0.6943727829732343,0.6649484536082475,0.025323910482921,0.0459383084780313,0.3792178739017507,13
Ganges River Dolphin,6,2014,-3.703703703703709,0.65,0.65,0.0370370370370356,-42.41233227213306,1,0,moderate_recovery,3.0,3,0,0.6930022573363429,0.6391752577319588,0.0243423635649784,0.0476397273105509,0.3731939144629981,14
Ganges River Dolphin,6,2015,-3.846153846153844,0.625,0.625,0.0384615384615369,-46.2584861182869,1,0,moderate_recovery,3.0,3,0,0.6915263066504601,0.6134020618556701,0.0233608166470357,0.0494720245148028,0.3669382642766011,15
Ganges River Dolphin,6,2016,13.32,0.70825,0.70825,0.0646171735022154,-32.9384861182869,0,1,moderate_recovery,3.0,3,0,0.869387810383747,0.6992268041237115,0.0266293678837848,0.0831153021810537,0.3886028320021312,16
Ganges River Dolphin,6,2017,11.789622308506884,0.79175,0.79175,0.1177059264485279,-21.148863809780018,0,1,moderate_recovery,3.0,3,0,0.8535313011197438,0.7853092783505154,0.0299077345897133,0.1514019124487838,0.4077782877799891,17
Ganges River Dolphin,6,2018,10.514682664982631,0.875,0.875,0.1053158289276307,-10.634181144797385,0,1,moderate_recovery,3.0,3,0,0.8403214298696845,0.8711340206185568,0.0331762858264625,0.1354648690331228,0.4248800936889961,18
Ganges River Dolphin,6,2019,3.571428571428581,0.90625,0.90625,0.0690073070687877,-7.062752573368804,0,1,moderate_recovery,3.0,3,0,0.768381167365366,0.9033505154639176,0.0344032194738908,0.0887622108622007,0.4306889117192219,19
Ganges River Dolphin,6,2020,3.4482758620689724,0.9375,0.9375,0.0344827586206887,-3.6144767112998313,0,1,moderate_recovery,3.0,3,0,0.7671051607379155,0.9355670103092784,0.0356301531213192,0.0443542288753409,0.4362974256794399,20
Ganges River Dolphin,6,2021,3.333333333333344,0.96875,0.96875,0.0333333333333324,-0.2811433779664876,0,1,moderate_recovery,3.0,3,0,0.7659142212189616,0.9677835051546392,0.0368570867687475,0.0428757545794963,0.4417189891743173,21
Ganges River Dolphin,6,2022,3.2258064516129004,1.0,1.0,0.0322580645161282,2.9446630736464128,0,1,moderate_recovery,3.0,3,0,0.7648001165076821,1.0,0.0380840204161758,0.0414926657220932,0.4469656635241986,22
Gharial,7,1970,0.0,1.0,1.0,0.0,0.0,0,0,moderate_recovery,3.0,4,4,0.7313769751693001,1.0,0.0380840204161758,0.0,0.4421762601767602,0
Gharial,7,1971,-9.599999999999998,0.904,0.904,0.0713048854978016,-9.599999999999998,1,0,moderate_recovery,3.0,4,4,0.6319097065462753,0.9010309278350516,0.034314880251276,0.0917175231276872,0.4265621573115133,1
Gharial,7,1972,-10.619469026548678,0.808,0.808,0.1061946902654843,-20.21946902654868,1,0,moderate_recovery,3.0,4,4,0.6213468107632991,0.8020618556701032,0.0305457400863761,0.1365953243240595,0.4092899196287181,2
Gharial,7,1973,-11.88118811881188,0.712,0.712,0.1188118811881158,-32.10065714536056,1,0,moderate_recovery,3.0,4,4,0.6082739199427842,0.7030927835051547,0.0267765999214762,0.1528244717685018,0.3899655348945016,3
Gharial,7,1974,-13.48314606741573,0.616,0.616,0.1348314606741535,-45.58380321277629,1,0,moderate_recovery,3.0,4,4,0.5916757551931416,0.6041237113402063,0.0230074597565763,0.1734300185238049,0.3680356151399414,4
Gharial,7,1975,-15.58441558441559,0.52,0.52,0.1558441558441508,-61.16821879719188,1,0,moderate_recovery,3.0,4,4,0.5699041364955585,0.5051546391752578,0.0192383195916764,0.2004580733586827,0.3426880455535016,5
Gharial,7,1976,-18.461538461538463,0.424,0.424,0.1846153846153775,-79.62975725873034,1,0,moderate_recovery,3.0,4,4,0.5400937662788677,0.4061855670103093,0.0154691794267766,0.2374657176710534,0.312660924658796,6
Gharial,7,1977,-22.64150943396226,0.328,0.328,0.2264150943396119,-102.2712666926926,1,0,moderate_recovery,3.0,4,4,0.4967843604923548,0.3072164948453609,0.0117000392618767,0.2912315405399687,0.2758352103539684,7
Gharial,7,1978,-29.26829268292684,0.232,0.232,0.2926829268292504,-131.53955937561943,1,0,moderate_recovery,3.0,4,4,0.4281231074161756,0.2082474226804124,0.0079308990969768,0.3764700402101982,0.2282312382038254,8
Gharial,7,1979,-41.3793103448276,0.136,0.136,0.4137931034482401,-172.91886972044702,1,0,moderate_recovery,3.0,4,4,0.3026387483459172,0.1092783505154639,0.0041617589320769,0.5322507465040599,0.1609290706812094,9
Gharial,7,1980,-70.58823529411764,0.04,0.04,0.7058823529410726,-243.50710501456467,1,0,moderate_recovery,3.0,4,4,0.0,0.0103092783505154,0.000392618767177,0.907957155800988,0.0461194907896881,10
Gharial,7,1981,-2.500000000000002,0.039,0.039,0.7774401561033486,-246.00710501456467,1,0,moderate_recovery,3.0,4,4,0.7054740406320541,0.0092783505154639,0.0003533568904593,1.0,0.0420533181685301,11
Gharial,7,1982,-2.564102564102566,0.038,0.038,0.0256410256410049,-248.57120757866724,1,0,moderate_recovery,3.0,4,4,0.7048098628234067,0.0082474226804123,0.0003140950137416,0.0329813496765098,0.0378828847109321,12
Gharial,7,1983,-2.631578947368418,0.037,0.037,0.0263157894736623,-251.20278652603565,1,0,moderate_recovery,3.0,4,4,0.7041107282879885,0.0072164948453608,0.0002748331370239,0.033849279931154,0.03360270300445,13
Gharial,7,1984,-2.7027027027026973,0.036,0.036,0.0270270270270039,-253.9054892287384,1,0,moderate_recovery,3.0,4,4,0.7033738026966018,0.0061855670103092,0.0002355712603062,0.0347641253346979,0.0292068407113061,14
Gharial,7,1985,-2.777777777777779,0.035,0.035,0.0277777777777533,-256.68326700651613,1,0,moderate_recovery,3.0,4,4,0.7025959367945823,0.0051546391752577,0.0001963093835885,0.035729795482883,0.0246888711322416,15
Gharial,7,1986,-2.857142857142858,0.034,0.034,0.0285714285714026,-259.54040986365897,1,0,moderate_recovery,3.0,4,4,0.7017736214124475,0.0041237113402061,0.0001570475068708,0.036750646782393,0.0200418167080611,16
Gharial,7,1987,-2.941176470588236,0.033,0.033,0.0294117647058549,-262.4815863342472,1,0,moderate_recovery,3.0,4,4,0.700902934537246,0.0030927835051546,0.0001177856301531,0.0378315481583448,0.015258084212581,17
Gharial,7,1988,-3.030303030303028,0.032,0.032,0.0303030303030012,-265.5118893645502,1,0,moderate_recovery,3.0,4,4,0.699979478760517,0.002061855670103,7.852375343541415e-05,0.0389779587085965,0.0103293901263289,18
Gharial,7,1989,-3.125,0.031,0.031,0.031249999999969,-268.6368893645502,1,0,moderate_recovery,3.0,4,4,0.6989983069977426,0.0010309278350515,3.926187671770718e-05,0.040196019918239,0.0052466743498813,19
Gharial,7,1990,-3.2258064516129004,0.03,0.03,0.0322580645160961,-271.8626958161631,1,0,moderate_recovery,3.0,4,4,0.6979538338309181,0.0,0.0,0.0414926657220519,0.0,20
Gharial,7,1991,3.333333333333344,0.031,0.031,0.0188266392126716,-268.5293624828297,0,1,moderate_recovery,3.0,4,4,0.7659142212189616,0.0010309278350515,3.926187671770718e-05,0.0242161908731775,0.0054215634948774,21
Gharial,7,1992,3.2258064516129004,0.032,0.032,0.0322580645160961,-265.30355603121683,0,1,moderate_recovery,3.0,4,4,0.7648001165076821,0.002061855670103,7.852375343541415e-05,0.0414926657220519,0.0106682378447588,22
Gharial,7,1993,3.125,0.033,0.033,0.031249999999969,-262.17855603121683,0,1,moderate_recovery,3.0,4,4,0.7637556433408577,0.0030927835051546,0.0001177856301531,0.040196019918239,0.0157509536212063,23
Gharial,7,1994,3.030303030303028,0.034,0.034,0.0303030303030012,-259.1482530009138,0,1,moderate_recovery,3.0,4,4,0.7627744715780832,0.0041237113402061,0.0001570475068708,0.0389779587085965,0.0206796477074585,24
Gharial,7,1995,2.941176470588225,0.035,0.035,0.0294117647058549,-256.2070765303256,0,1,moderate_recovery,3.0,4,4,0.7618510158013542,0.0051546391752577,0.0001963093835885,0.0378315481583448,0.0254633802029385,25
Gharial,7,1996,2.857142857142847,0.036,0.036,0.0285714285714026,-253.3499336731828,0,1,moderate_recovery,3.0,4,4,0.7609803289261526,0.0061855670103092,0.0002355712603062,0.036750646782393,0.0301104346271191,26
Gharial,7,1997,2.777777777777768,0.037,0.037,0.0277777777777533,-250.572155895405,0,1,moderate_recovery,3.0,4,4,0.7601580135440178,0.0072164948453608,0.0002748331370239,0.035729795482883,0.0346284042061836,27
Gharial,7,1998,2.7027027027026973,0.038,0.038,0.0270270270270039,-247.86945319270228,0,1,moderate_recovery,3.0,4,4,0.7593801476419985,0.0082474226804123,0.0003140950137416,0.0347641253346979,0.0390242664993274,28
Gharial,7,1999,2.631578947368429,0.039,0.039,0.0263157894736623,-245.23787424533384,0,1,moderate_recovery,3.0,4,4,0.7586432220506119,0.0092783505154639,0.0003533568904593,0.033849279931154,0.0433044482058096,29
Gharial,7,2000,2.564102564102555,0.04,0.04,0.0256410256410049,-242.6737716812313,0,1,moderate_recovery,3.0,4,4,0.7579440875151934,0.0103092783505154,0.000392618767177,0.0329813496765098,0.0474748816634076,30
Gharial,7,2001,7.499999999999996,0.043,0.043,0.051188508183565,-235.1737716812313,0,1,moderate_recovery,3.0,4,4,0.8090857787810382,0.0134020618556701,0.0005104043973301,0.0658423774250738,0.0596733995268817,31
Gharial,7,2002,6.976744186046502,0.046,0.046,0.0697674418604307,-228.1970274951848,0,1,moderate_recovery,3.0,4,4,0.8036642343430099,0.0164948453608247,0.0006281900274833,0.0897399514454155,0.071020858004532,32
Gharial,7,2003,6.521739130434789,0.049,0.049,0.0652173913043178,-221.67528836475003,0,1,moderate_recovery,3.0,4,4,0.7989498478751594,0.0195876288659793,0.0007459756576364,0.0838873459163694,0.0816282648423356,33
Gharial,7,2004,6.122448979591844,0.052,0.052,0.061224489795892,-215.5528393851582,0,1,moderate_recovery,3.0,4,4,0.7948127332196987,0.022680412371134,0.0008637612877895,0.0787513859623083,0.091586238608437,34
Gharial,7,2005,5.769230769230771,0.055,0.055,0.0576923076922845,-209.78360861592745,0,1,moderate_recovery,3.0,4,4,0.7911529779475602,0.0257731958762886,0.0009815469179426,0.0742080367721772,0.1009697138880325,35
Gharial,7,2006,5.454545454545445,0.058,0.058,0.0545454545454341,-204.329063161382,0,1,moderate_recovery,3.0,4,4,0.7878924687051095,0.0288659793814433,0.0010993325480957,0.0701603256755149,0.1098413632432864,36
Gharial,7,2007,5.172413793103448,0.061,0.061,0.0517241379310164,-199.1566493682785,0,1,moderate_recovery,3.0,4,4,0.784969253522223,0.0319587628865979,0.0012171181782489,0.06653134331299,0.1182541341836134,37
Gharial,7,2008,4.918032786885251,0.064,0.064,0.0491803278688364,-194.23861658139327,0,1,moderate_recovery,3.0,4,4,0.7823335677015875,0.0350515463917525,0.001334903808402,0.0632593100353035,0.1262531622908095,38
Gharial,7,2009,4.6875,0.067,0.067,0.0468749999999857,-189.55111658139327,0,1,moderate_recovery,3.0,4,4,0.7799449774266365,0.0381443298969072,0.0014526894385551,0.0602940298773999,0.1338772359554809,39
Gharial,7,2010,4.477611940298498,0.07,0.07,0.0447761194029724,-185.0735046410948,0,1,moderate_recovery,3.0,4,4,0.7777702907583974,0.0412371134020618,0.0015704750687082,0.0575942971963235,0.1411599331874057,40
Gharial,7,2011,12.285714285714278,0.0786,0.0786,0.0837811795171245,-172.7877903553805,0,1,moderate_recovery,3.0,4,4,0.8586713963237663,0.0501030927835051,0.0019081272084805,0.1077654387407113,0.1611422672113824,41
Gharial,7,2012,10.941475826972002,0.0872,0.0872,0.1094147582696928,-161.8463145284085,0,1,moderate_recovery,3.0,4,4,0.8447435080040665,0.0589690721649484,0.0022457793482528,0.1407372096883915,0.1789382389884609,42
Gharial,7,2013,9.86238532110091,0.0958,0.0958,0.0986238532109873,-151.9839292073076,0,1,moderate_recovery,3.0,4,4,0.8335628637107294,0.0678350515463917,0.0025834314880251,0.1268571637787601,0.1949791034572494,43
Gharial,7,2014,8.768267223382043,0.1042,0.1042,0.0887903489850435,-143.21566198392554,0,1,moderate_recovery,3.0,4,4,0.8222265159262382,0.0764948453608247,0.0029132312524538,0.1142085963633195,0.2092404187047349,44
Gharial,7,2015,8.25335892514396,0.1128,0.1128,0.0815236196563459,-134.96230305878157,0,1,moderate_recovery,3.0,4,4,0.8168914615494599,0.085360824742268,0.0032508833922261,0.1048616012645333,0.2226642515423392,45
Gharial,7,2016,7.624113475177308,0.1214,0.1214,0.0762411347517607,-127.33818958360426,0,1,moderate_recovery,3.0,4,4,0.8103717400701214,0.0942268041237113,0.0035885355319984,0.0980668854743665,0.2350646361316864,46
Gharial,7,2017,7.084019769357486,0.13,0.13,0.0708401976935647,-120.25416981424678,0,1,moderate_recovery,3.0,4,4,0.8047757353077897,0.1030927835051546,0.0039261876717707,0.0911198079201708,0.2465865750252479,47
Gharial,7,2018,10.769230769230775,0.144,0.144,0.0865479164285113,-109.484939045016,0,1,moderate_recovery,3.0,4,4,0.8429588470220524,0.1175257731958762,0.0044758539458186,0.1113242167246711,0.2641023955471595,48
Gharial,7,2019,9.722222222222232,0.158,0.158,0.0972222222222099,-99.76271682279378,0,1,moderate_recovery,3.0,4,4,0.8321106094808126,0.1319587628865979,0.0050255202198665,0.1250542841901849,0.2799152890738853,49
Gharial,7,2020,8.860759493670889,0.172,0.172,0.088607594936699,-90.9019573291229,0,1,moderate_recovery,3.0,4,4,0.8231848444152355,0.1463917525773196,0.0055751864939144,0.1139735248315627,0.2943270401362176,50
Gharial,7,2021,8.139534883720923,0.186,0.186,0.0813953488372013,-82.76242244540197,0,1,moderate_recovery,3.0,4,4,0.8157121108719616,0.1608247422680412,0.0061248527679623,0.1046966100196927,0.3075657416934764,51
Gharial,7,2022,7.526881720430101,0.2,0.2,0.0752688172042945,-75.23554072497187,0,1,moderate_recovery,3.0,4,4,0.809364304958858,0.1752577319587629,0.0066745190420102,0.0968162200182116,0.3198079818431995,52
Giant Panda,8,1976,0.0,0.5526315789473685,1.0,0.0,0.0,0,0,stable,2.0,2,2,0.7313769751693001,0.538795442213782,0.0380840204161758,0.0,0.4421762601767602,0
Giant Panda,8,1977,0.6666666666666599,0.5563157894736842,1.0066666666666666,0.0046983839281493,0.6666666666666599,0,1,stable,2.0,2,2,0.7382844243792324,0.5425935973955508,0.0383457662609606,0.0060434026867076,0.4432605728757356,1
Giant Panda,8,1978,0.6622516556291425,0.56,1.0133333333333334,0.0066225165562907,1.3289183222958023,0,1,stable,2.0,2,2,0.7382386796824779,0.5463917525773198,0.0386075121057453,0.0085183618369854,0.44433770469591,2
Giant Panda,8,1979,0.6578947368421018,0.5636842105263158,1.02,0.0065789473684204,1.986813059137904,0,1,stable,2.0,2,2,0.738193536889628,0.5501899077590885,0.03886925795053,0.0084623199827947,0.4454077501225305,3
Giant Panda,8,1980,0.6535947712418277,0.5673684210526316,1.0266666666666666,0.0065359477124176,2.640407830379732,0,1,stable,2.0,2,2,0.7381489841986455,0.5539880629408575,0.0391310037953147,0.0084070107018614,0.4464708017881927,4
Giant Panda,8,1981,0.7421150278293043,0.5715789473684211,1.0342857142857145,0.0069603278202143,3.382522858209036,0,1,stable,2.0,2,2,0.7390661579632877,0.5583288117200218,0.0394301419036401,0.0089528792223707,0.4476778289113565,5
Giant Panda,8,1982,0.6445672191528473,0.5752631578947368,1.0409523809523809,0.0069133130176215,4.027090077361883,0,1,stable,2.0,2,2,0.7380554481623285,0.5621269669017905,0.0396918877484248,0.0088924053682436,0.4487261975429626,6
Giant Panda,8,1983,0.6404391582799596,0.5789473684210527,1.0476190476190477,0.006404391582799,4.667529235641843,0,1,stable,2.0,2,2,0.738012676606106,0.5659251220835595,0.0399536335932095,0.0082377936520527,0.4497678520113288,7
Giant Panda,8,1984,0.6363636363636349,0.5826315789473684,1.0542857142857145,0.0063636363636357,5.303892872005478,0,1,stable,2.0,2,2,0.7379704494151446,0.5697232772653283,0.0402153794379942,0.0081853713288123,0.4508028777694418,8
Giant Panda,8,1985,0.6323396567299078,0.5863157894736842,1.0609523809523809,0.0063233965672984,5.936232528735386,0,1,stable,2.0,2,2,0.7379287562627319,0.5735214324470972,0.0404771252827789,0.0081336119798497,0.4518313586492288,9
Giant Panda,8,1986,2.872531418312385,0.6031578947368421,1.0914285714285714,0.0185262490926632,8.80876394704777,0,1,stable,2.0,2,2,0.7611397724831914,0.5908844275637548,0.0416736777160805,0.02382980728127,0.4565034420918521,10
Giant Panda,8,1987,2.7923211169284423,0.62,1.121904761904762,0.027923211169282,11.601085063976214,0,1,stable,2.0,2,2,0.760308699608807,0.6082474226804124,0.0428702301493821,0.0359168624749685,0.4610450659619065,11
Giant Panda,8,1988,2.716468590831922,0.6368421052631579,1.1523809523809525,0.0271646859083169,14.317553654808137,0,1,stable,2.0,2,2,0.7595227784016219,0.62561041779707,0.0440667825826836,0.0349411921870238,0.4654633180460171,12
Giant Panda,8,1989,2.7272727272727337,0.6542105263157895,1.183809523809524,0.0268531660914294,17.04482638208087,0,1,stable,2.0,2,2,0.7596347219372049,0.6435160065111233,0.0453007272795258,0.0345404927705583,0.469899142723644,13
Giant Panda,8,1990,2.574416733708773,0.6710526315789473,1.2142857142857142,0.0261544651496728,19.619243115789644,0,1,stable,2.0,2,2,0.7580509544192398,0.6608790016277808,0.0464972797128274,0.0336417728674617,0.4740863518588671,14
Giant Panda,8,1991,2.509803921568632,0.6878947368421052,1.2447619047619047,0.0250980392156843,22.12904703735828,0,1,stable,2.0,2,2,0.7573814898419864,0.6782419967444384,0.0476938321461289,0.0322829210951485,0.4781684702550101,15
Giant Panda,8,1992,2.448355011476666,0.7047368421052631,1.2752380952380953,0.0244835501147647,24.57740204883494,0,1,stable,2.0,2,2,0.7567448070037874,0.695604991861096,0.0488903845794305,0.0314925205786644,0.4821506439008267,16
Giant Panda,8,1993,2.389843166542205,0.7215789473684211,1.3057142857142856,0.0238984316654202,26.967245215377147,0,1,stable,2.0,2,2,0.7561385556081911,0.7129679869777538,0.050086937012732,0.0307398987276433,0.4860376498418889,17
Giant Panda,8,1994,2.334062727935815,0.738421052631579,1.3361904761904762,0.0233406272793564,29.301307943312963,0,1,stable,2.0,2,2,0.7555606047883191,0.7303309820944114,0.0512834894460336,0.0300224102088362,0.4898339306260482,18
Giant Panda,8,1995,2.2808267997148857,0.7552631578947369,1.3666666666666667,0.0228082679971473,31.58213474302785,0,1,stable,2.0,2,2,0.7550090180828245,0.747693977211069,0.0524800418793351,0.0293376510308728,0.4935436248206898,19
Giant Panda,8,1996,2.2299651567944334,0.7721052631578947,1.3971428571428572,0.0222996515679427,33.812099899822286,0,1,stable,2.0,2,2,0.7544820317600145,0.7650569723277266,0.0536765943126367,0.0286834316350625,0.4971705941273674,20
Giant Panda,8,1997,2.249488752556239,0.7894736842105263,1.4285714285714286,0.0221498968827763,36.061588652378525,0,1,stable,2.0,2,2,0.7546843191291943,0.7829625610417799,0.0549105390094789,0.0284908062812128,0.5008293179582664,21
Giant Panda,8,1998,2.133333333333342,0.8063157894736842,1.4590476190476191,0.0216723374256461,38.194921985711865,0,1,stable,2.0,2,2,0.7534808126410835,0.8003255561584374,0.0561070914427805,0.0278765346187817,0.5042991185949879,22
Giant Panda,8,1999,2.088772845953013,0.8231578947368421,1.4895238095238097,0.0208877284595286,40.28369483166488,0,1,stable,2.0,2,2,0.7530191136860593,0.817688551275095,0.057303643876082,0.026867313574618,0.5076964429782008,23
Giant Panda,8,2000,2.0460358056265893,0.84,1.52,0.0204603580562647,42.32973063729146,0,1,stable,2.0,2,2,0.752576307782903,0.8350515463917526,0.0585001963093835,0.0263175987188714,0.5110242568881,24
Giant Panda,8,2001,0.0,0.84,1.52,0.0116538321787638,42.32973063729146,0,0,stable,2.0,2,2,0.7313769751693001,0.8350515463917526,0.0585001963093835,0.0149900054522198,0.5110242568881,25
Giant Panda,8,2002,0.0,0.84,1.52,0.0,42.32973063729146,0,0,stable,2.0,2,2,0.7313769751693001,0.8350515463917526,0.0585001963093835,0.0,0.5110242568881,26
Giant Panda,8,2003,0.0,0.84,1.52,0.0,42.32973063729146,0,0,stable,2.0,2,2,0.7313769751693001,0.8350515463917526,0.0585001963093835,0.0,0.5110242568881,27
Giant Panda,8,2004,0.0,0.84,1.52,0.0,42.32973063729146,0,0,stable,2.0,2,2,0.7313769751693001,0.8350515463917526,0.0585001963093835,0.0,0.5110242568881,28
Giant Panda,8,2005,1.6917293233082775,0.8542105263157894,1.5457142857142858,0.009712434434965,44.02145996059974,0,1,stable,2.0,2,2,0.7489052767358577,0.8497015735214325,0.0595097874249817,0.0124928386560906,0.5137758022708385,29
Giant Panda,8,2006,1.6635859519408491,0.868421052631579,1.5714285714285714,0.0166358595194074,45.68504591254059,0,1,stable,2.0,2,2,0.7486136783733826,0.8643516006511125,0.0605193785405799,0.0213982508991933,0.5164815733311285,30
Giant Panda,8,2007,1.575757575757586,0.8821052631578947,1.5961904761904762,0.0160648043728427,47.26080348829817,0,1,stable,2.0,2,2,0.7477036733018674,0.8784590341833968,0.0614915773926374,0.0206637182897293,0.5190444942559796,31
Giant Panda,8,2008,1.610978520286399,0.8963157894736842,1.621904761904762,0.0158092497198645,48.871782008584574,0,1,stable,2.0,2,2,0.7480686036300553,0.8931090613130765,0.0625011685082356,0.020335005332247,0.5216647009569646,32
Giant Panda,8,2009,1.5854374633000656,0.9105263157894736,1.6476190476190475,0.0158543746329996,50.45721947188464,0,1,stable,2.0,2,2,0.7478039682992037,0.9077590884427564,0.0635107596238338,0.020393048273277,0.5242433659192962,33
Giant Panda,8,2010,1.5606936416185049,0.9247368421052632,1.6733333333333331,0.015606936416184,52.01791311350315,0,1,stable,2.0,2,2,0.7475475932619162,0.9224091155724364,0.064520350739432,0.0200747752655438,0.526781785821522,34
Giant Panda,8,2011,1.5367103016505457,0.9389473684210526,1.6990476190476191,0.0153671030165045,53.55462341515369,0,1,stable,2.0,2,2,0.7472990977078464,0.9370591427021162,0.0655299418550302,0.019766284126005,0.5292811975636112,35
Giant Panda,8,2012,1.4573991031390232,0.9526315789473684,1.723809523809524,0.0148579175558212,55.01202251829272,0,1,stable,2.0,2,2,0.7464773405946006,0.9511665762344004,0.0665021407070877,0.0191113328005738,0.5316516120961249,36
Giant Panda,8,2013,1.4917127071823133,0.966842105263158,1.7495238095238097,0.0146390566822315,56.50373522547503,0,1,stable,2.0,2,2,0.7468328698103087,0.9658166033640804,0.0675117318226859,0.0188298180474813,0.5340778366435562,37
Giant Panda,8,2014,1.469787697332614,0.9810526315789474,1.7752380952380953,0.0146978769733252,57.973522922807646,0,1,stable,2.0,2,2,0.7466057009723627,0.9804666304937604,0.068521322938284,0.0189054769784382,0.5364684008410797,38
Giant Panda,8,2015,0.0,0.9810526315789474,1.7752380952380953,0.0084034810070722,57.973522922807646,0,0,stable,2.0,2,2,0.7313769751693001,0.9804666304937604,0.068521322938284,0.0108091676781809,0.5364684008410797,39
Giant Panda,8,2016,0.0,0.9810526315789474,1.7752380952380953,0.0,57.973522922807646,0,0,stable,2.0,2,2,0.7313769751693001,0.9804666304937604,0.068521322938284,0.0,0.5364684008410797,40
Giant Panda,8,2017,0.0,0.9810526315789474,1.7752380952380953,0.0,57.973522922807646,0,0,stable,2.0,2,2,0.7313769751693001,0.9804666304937604,0.068521322938284,0.0,0.5364684008410797,41
Giant Panda,8,2018,0.0,0.9810526315789474,1.7752380952380953,0.0,57.973522922807646,0,0,stable,2.0,2,2,0.7313769751693001,0.9804666304937604,0.068521322938284,0.0,0.5364684008410797,42
Giant Panda,8,2019,0.0,0.9810526315789474,1.7752380952380953,0.0,57.973522922807646,0,0,stable,2.0,2,2,0.7313769751693001,0.9804666304937604,0.068521322938284,0.0,0.5364684008410797,43
Giant Panda,8,2020,0.0,0.9810526315789474,1.7752380952380953,0.0,57.973522922807646,0,0,stable,2.0,2,2,0.7313769751693001,0.9804666304937604,0.068521322938284,0.0,0.5364684008410797,44
Giant Panda,8,2021,0.0,0.9810526315789474,1.7752380952380953,0.0,57.973522922807646,0,0,stable,2.0,2,2,0.7313769751693001,0.9804666304937604,0.068521322938284,0.0,0.5364684008410797,45
Giant Panda,8,2022,0.6437768240343367,0.9873684210526316,1.7866666666666666,0.0037088882389053,58.61729974684198,0,1,stable,2.0,2,2,0.7380472587411232,0.986977753662507,0.0689700301007721,0.0047706414568226,0.5375154839194896,46
Giant Panda,8,2023,0.6396588486140775,0.9936842105263158,1.7980952380952382,0.0063965884861403,59.256958595456055,0,1,stable,2.0,2,2,0.7380045916820284,0.9934888768312536,0.0694187372632602,0.0082277567423338,0.538555869238336,47
Giant Panda,8,2024,0.6355932203389925,1.0,1.809523809523809,0.0063559322033894,59.892551815795045,0,1,stable,2.0,2,2,0.7379624670008035,1.0,0.0698674444257483,0.0081754616782935,0.5395896419386303,48
Gray Wolf,9,2000,0.0,0.5147058823529411,1.0,0.0,0.0,0,0,stable,2.0,0,2,0.7313769751693001,0.4996967859308672,0.0380840204161758,0.0,0.4421762601767602,0
Gray Wolf,9,2001,5.714285714285716,0.5441176470588235,1.0571428571428572,0.0392837100659182,5.714285714285716,0,1,stable,2.0,0,2,0.7905836826830054,0.530018192844148,0.0403275562286163,0.0505295613527532,0.4514703690251214,1
Gray Wolf,9,2002,6.756756756756754,0.5808823529411765,1.1285714285714286,0.0606625527285575,12.47104247104247,0,1,stable,2.0,0,2,0.8013849063510462,0.567919951485749,0.0431319759941668,0.0780285816886635,0.462460024757981,2
Gray Wolf,9,2003,6.329113924050622,0.6176470588235294,1.2,0.0632911392405047,18.80015639509309,0,1,stable,2.0,0,2,0.7969540246306824,0.60582171012735,0.0459363957597173,0.0814096605939804,0.4727541326596469,3
Gray Wolf,9,2004,7.14285714285714,0.6617647058823529,1.2857142857142858,0.0653071606397545,25.94301353795023,0,1,stable,2.0,0,2,0.8053853595614316,0.6513038204972711,0.0493016994783779,0.0840028137562179,0.4843717687200985,4
Gray Wolf,9,2005,6.666666666666665,0.7058823529411765,1.3714285714285714,0.0666666666666651,32.60968020461689,0,1,stable,2.0,0,2,0.8004514672686229,0.6967859308671923,0.0526670031970385,0.0857515091589928,0.4952148957098533,5
Gray Wolf,9,2006,6.25,0.75,1.457142857142857,0.0624999999999986,38.85968020461689,0,1,stable,2.0,0,2,0.7961343115124152,0.7422680412371135,0.0560323069156991,0.0803920398365559,0.5053803272627484,6
Gray Wolf,9,2007,5.882352941176472,0.7941176470588235,1.542857142857143,0.0588235294117635,44.74203314579336,0,1,stable,2.0,0,2,0.7923250564334084,0.7877501516070347,0.0593976106343597,0.0756630963167586,0.5149477922537085,7
Gray Wolf,9,2008,4.629629629629628,0.8308823529411765,1.6142857142857143,0.0511539060119442,49.37166277542299,0,1,stable,2.0,0,2,0.7793453724604965,0.8256519102486357,0.0622020303999102,0.0657978695985239,0.5224777415521493,8
Gray Wolf,9,2009,3.539823008849563,0.8602941176470589,1.6714285714285717,0.0400229268002025,52.91148578427256,0,1,stable,2.0,0,2,0.7680536966379672,0.8559733171619165,0.0644455662123506,0.0514803956111602,0.5282351541130811,9
Gray Wolf,9,2010,2.564102564102555,0.8823529411764706,1.7142857142857142,0.0301018678652931,55.47558834837511,0,1,stable,2.0,0,2,0.7579440875151934,0.878714372346877,0.0661282180716809,0.038719208969303,0.5324055875706791,10
Gray Wolf,9,2011,1.6666666666666607,0.8970588235294118,1.7428571428571429,0.0210301794854336,57.14225501504177,0,1,stable,2.0,0,2,0.7486455981941308,0.8938750758035174,0.0672499859779011,0.027050544431407,0.5351163693181178,11
Gray Wolf,9,2012,1.6393442622950838,0.9117647058823528,1.7714285714285714,0.0163934426229507,58.78159927733685,0,1,stable,2.0,0,2,0.7483625060133959,0.9090357792601578,0.0683717538841213,0.0210864366784413,0.5377827120205165,12
Gray Wolf,9,2013,0.8064516129032251,0.9191176470588236,1.7857142857142858,0.012351956051094,59.58805089024008,0,1,stable,2.0,0,2,0.7397327605038956,0.916616130988478,0.0689326378372315,0.0158879830867033,0.5390943806079869,13
Gray Wolf,9,2014,0.8000000000000007,0.9264705882352942,1.8,0.0080000000000003,60.38805089024008,0,1,stable,2.0,0,2,0.7396659142212189,0.9241964827167982,0.0694935217903415,0.0102901810990798,0.5403955558467574,14
Gray Wolf,9,2015,0.7936507936507908,0.9338235294117648,1.8142857142857145,0.0079365079365083,61.18170168389087,0,1,stable,2.0,0,2,0.7396001289906481,0.9317768344451184,0.0700544057434516,0.0102085129951189,0.5416864042979187,15
Gray Wolf,9,2016,0.7874015748031482,0.9411764705882352,1.8285714285714283,0.0078740157480318,61.96910325869402,0,1,stable,2.0,0,2,0.7395353797479602,0.9393571861734386,0.0706152896965617,0.0101281310030313,0.5429670885880472,16
Gray Wolf,9,2017,0.78125,0.9485294117647058,1.8428571428571427,0.0078125000000003,62.75035325869402,0,1,stable,2.0,0,2,0.7394716422121895,0.9469375379017588,0.0711761736496719,0.0100490049795701,0.544237767532159,17
Gray Wolf,9,2018,0.7751937984496138,0.9558823529411764,1.8571428571428568,0.0077519379844964,63.52554705714363,0,1,stable,2.0,0,2,0.7394088928552679,0.954517889630079,0.071737057602782,0.0099711057161626,0.545498596251898,18
Gray Wolf,9,2019,0.7692307692307665,0.9632352941176472,1.871428571428572,0.007692307692308,64.2947778263744,0,1,stable,2.0,0,2,0.7393471088730681,0.9620982413583992,0.0722979415558921,0.0098944049029614,0.5467497262891774,19
Gray Wolf,9,2020,0.7633587786259444,0.9705882352941176,1.8857142857142857,0.0076335877862599,65.05813660500034,0,1,stable,2.0,0,2,0.7392862681577721,0.9696785930867192,0.0728588255090022,0.0098188750945418,0.5479913057154852,20
Gray Wolf,9,2021,0.7575757575757569,0.9779411764705882,1.9,0.0075757575757579,65.8157123625761,0,1,stable,2.0,0,2,0.7392263492714959,0.9772589448150394,0.0734197094621122,0.0097444896771589,0.5492234792370483,21
Gray Wolf,9,2022,0.7518796992481258,0.9852941176470588,1.9142857142857144,0.0075187969924815,66.56759206182421,0,1,stable,2.0,0,2,0.7391673314211035,0.9848392965433598,0.0739805934152224,0.009671222837481,0.5504463882960431,22
Gray Wolf,9,2023,0.746268656716409,0.9926470588235294,1.9285714285714288,0.0074626865671645,67.31386071854062,0,1,stable,2.0,0,2,0.7391091944341496,0.99241964827168,0.0745414773683325,0.0095990495327237,0.5516601711680306,23
Gray Wolf,9,2024,0.7407407407407307,1.0,1.9428571428571428,0.0074074074074077,68.05460145928136,0,1,stable,2.0,0,2,0.7390519187358914,1.0,0.0751023613214426,0.0095279454621109,0.5528649630557811,24
Great Indian Bustard,10,1969,0.0,1.0,1.0,0.0,0.0,0,0,moderate_recovery,3.0,4,1,0.7313769751693001,1.0,0.0380840204161758,0.0,0.4421762601767602,0
Great Indian Bustard,10,1970,-3.730158730158728,0.9626984126984128,0.9626984126984128,0.0268774918849697,-3.730158730158728,1,0,moderate_recovery,3.0,4,1,0.6927281522089648,0.9615447553591884,0.0366194900941661,0.0345717823731718,0.4361092724563021,1
Great Indian Bustard,10,1971,-3.874690849134377,0.9253968253968254,0.9253968253968254,0.0387469084913405,-7.604849579293105,1,0,moderate_recovery,3.0,4,1,0.6912306298024224,0.9230895107183767,0.0351549597721564,0.0498390881756689,0.4298072077178214,2
Great Indian Bustard,10,1972,-3.9451114922813058,0.8888888888888888,0.8888888888888888,0.0398693021280739,-11.54996107157441,1,0,moderate_recovery,3.0,4,1,0.6905009892786202,0.8854524627720505,0.0337215896697639,0.051282792398974,0.4233906059828893,3
Great Indian Bustard,10,1973,-4.196428571428568,0.8515873015873016,0.8515873015873016,0.0415310176082555,-15.746389643002978,1,0,moderate_recovery,3.0,4,1,0.6878970493389228,0.8469972181312388,0.0322570593477542,0.0534202115522505,0.416565244797374,4
Great Indian Bustard,10,1974,-4.380242311276794,0.8142857142857143,0.8142857142857143,0.0438024231127638,-20.126631954279773,1,0,moderate_recovery,3.0,4,1,0.6859925232307889,0.8085419734904272,0.0307925290257445,0.056341858301105,0.4094409162533133,5
Great Indian Bustard,10,1975,-4.580896686159841,0.776984126984127,0.776984126984127,0.0458089668615939,-24.70752864043961,1,0,moderate_recovery,3.0,4,1,0.6839135083759058,0.7700867288496156,0.0293279987037348,0.058922820620941,0.4019902295790666,6
Great Indian Bustard,10,1976,-4.800817160367721,0.7396825396825397,0.7396825396825397,0.0480081716036723,-29.508345800807334,1,0,moderate_recovery,3.0,4,1,0.6816348741171832,0.7316314842088039,0.0278634683817251,0.0617515975046835,0.3941818490603975,7
Great Indian Bustard,10,1977,-5.042918454935618,0.7023809523809523,0.7023809523809523,0.0504291845493508,-34.55126425574295,1,0,moderate_recovery,3.0,4,1,0.6791264205233531,0.6931762395679921,0.0263989380597154,0.0648656802114644,0.3859796982795208,8
Great Indian Bustard,10,1978,-5.197740112994353,0.6658730158730158,0.6658730158730158,0.0525236024646563,-39.7490043687373,1,0,moderate_recovery,3.0,4,1,0.6775222864138959,0.6555391916216659,0.0249655679573229,0.0675596726671707,0.3775257348637797,9
Great Indian Bustard,10,1979,-5.601907032181163,0.6285714285714286,0.6285714285714286,0.0554462194539452,-45.35091140091846,1,0,moderate_recovery,3.0,4,1,0.6733346427139694,0.6170839469808542,0.0235010376353132,0.0713189549300493,0.3684144064635686,10
Great Indian Bustard,10,1980,-5.934343434343436,0.5912698412698413,0.5912698412698413,0.0593434343434268,-51.285254835261895,1,0,moderate_recovery,3.0,4,1,0.6698902113687666,0.5786287023400426,0.0220365073133035,0.0763318358043986,0.3587623805446581,11
Great Indian Bustard,10,1981,-5.234899328859055,0.5603174603174603,0.5603174603174603,0.0575951460297173,-56.52015416412095,1,0,moderate_recovery,3.0,4,1,0.6771372733194964,0.5467190312551138,0.0208212587482316,0.0740830603842143,0.3502479788144479,12
Great Indian Bustard,10,1982,-5.6657223796034,0.5285714285714286,0.5285714285714286,0.0559769317499722,-62.18587654372436,1,0,moderate_recovery,3.0,4,1,0.6726734408072694,0.5139911634756996,0.0195748499635425,0.0720015956347526,0.3410328567268377,13
Great Indian Bustard,10,1983,-6.006006006006004,0.4968253968253968,0.4968253968253968,0.0600600600600509,-68.19188254973037,1,0,moderate_recovery,3.0,4,1,0.6691477030077481,0.4812632956962854,0.0183284411788534,0.0772536118549385,0.3312642738531847,14
Great Indian Bustard,10,1984,-6.230031948881787,0.4658730158730159,0.4658730158730159,0.0630671444995684,-74.42191449861215,1,0,moderate_recovery,3.0,4,1,0.6668265312745656,0.4493536246113566,0.0171131926137815,0.0811215422877959,0.3211313197173915,15
Great Indian Bustard,10,1985,-6.643952299829648,0.4349206349206349,0.4349206349206349,0.066439522998285,-81.0658667984418,1,0,moderate_recovery,3.0,4,1,0.6625378305728711,0.4174439535264278,0.0158979440487096,0.0854593404736003,0.3103251369422525,16
Great Indian Bustard,10,1986,-7.299270072992703,0.4031746031746032,0.4031746031746032,0.0721260891750982,-88.3651368714345,1,0,moderate_recovery,3.0,4,1,0.6557479692211364,0.3847160857470136,0.0146515352640205,0.0927738149475137,0.2984531000921561,17
Great Indian Bustard,10,1987,-7.874015748031493,0.3714285714285714,0.3714285714285714,0.0787401574802993,-96.239152619466,1,0,moderate_recovery,3.0,4,1,0.6497929293826984,0.3519882179675994,0.0134051264793314,0.1012813100302887,0.2856462571908709,18
Great Indian Bustard,10,1988,-8.333333333333337,0.3404761904761905,0.3404761904761905,0.0843438893342937,-104.57248595279934,1,0,moderate_recovery,3.0,4,1,0.6450338600451466,0.3200785468826706,0.0121898779142595,0.108489236981324,0.2720923484536773,19
Great Indian Bustard,10,1989,-9.090909090909092,0.3095238095238095,0.3095238095238095,0.0909090909090695,-113.66339504370843,1,0,moderate_recovery,3.0,4,1,0.6371844859429509,0.2881688757977418,0.0109746293491876,0.1169338761258745,0.2573062661949208,20
Great Indian Bustard,10,1990,-10.256410256410254,0.2777777777777778,0.2777777777777778,0.1013713982161484,-123.91980530011868,1,0,moderate_recovery,3.0,4,1,0.6251085257857266,0.2554410080183276,0.0097282205644985,0.1303912557388825,0.2406245323645288,21
Great Indian Bustard,10,1991,-4.285714285714281,0.2658730158730158,0.2658730158730158,0.0793428935312891,-128.20551958583297,1,0,moderate_recovery,3.0,4,1,0.6869719445340212,0.2431680576010473,0.0092608172702401,0.1020565929202424,0.2336539507282579,22
Great Indian Bustard,10,1992,-4.477611940298509,0.2539682539682539,0.2539682539682539,0.0447761194029711,-132.6831315261315,1,0,moderate_recovery,3.0,4,1,0.6849836595802027,0.230895107183767,0.0087934139759817,0.0575942971963219,0.226371253496333,23
Great Indian Bustard,10,1993,-4.6875,0.242063492063492,0.242063492063492,0.0468749999999847,-137.3706315261315,1,0,moderate_recovery,3.0,4,1,0.6828089729119637,0.2186221567664867,0.0083260106817232,0.0602940298773986,0.2187471798316617,24
Great Indian Bustard,10,1994,-4.918032786885251,0.2301587301587301,0.2301587301587301,0.0491803278688357,-142.28866431301674,1,0,moderate_recovery,3.0,4,1,0.6804203826370128,0.2063492063492063,0.0078586073874648,0.0632593100353025,0.2107481517244655,25
Great Indian Bustard,10,1995,-5.172413793103448,0.2182539682539682,0.2182539682539682,0.051724137931016,-147.4610781061202,1,0,moderate_recovery,3.0,4,1,0.6777846968163772,0.194076255931926,0.0073912040932064,0.0665313433129894,0.2023353807841385,26
Great Indian Bustard,10,1996,-5.454545454545457,0.2063492063492063,0.2063492063492063,0.054545454545434,-152.9156235606657,1,0,moderate_recovery,3.0,4,1,0.6748614816334906,0.1818033055146457,0.006923800798948,0.0701603256755148,0.1934637314288846,27
Great Indian Bustard,10,1997,-5.769230769230771,0.1944444444444444,0.1944444444444444,0.0576923076922847,-158.68485432989644,1,0,moderate_recovery,3.0,4,1,0.67160097239104,0.1695303550973654,0.0064563975046896,0.0742080367721776,0.1840802561492891,28
Great Indian Bustard,10,1998,-6.122448979591832,0.1825396825396825,0.1825396825396825,0.0612244897958926,-164.80730330948828,1,0,moderate_recovery,3.0,4,1,0.6679412171189016,0.1572574046800851,0.0059889942104311,0.078751385962309,0.1741222823831877,29
Great Indian Bustard,10,1999,-6.521739130434778,0.1706349206349206,0.1706349206349206,0.0652173913043186,-171.32904243992306,1,0,moderate_recovery,3.0,4,1,0.6638041024634409,0.1449844542628048,0.0055215909161727,0.0838873459163704,0.1635148755453842,30
Great Indian Bustard,10,2000,-6.976744186046513,0.1587301587301587,0.1587301587301587,0.0697674418604318,-178.30578662596955,1,0,moderate_recovery,3.0,4,1,0.6590897159955902,0.1327115038455244,0.0050541876219143,0.0897399514454168,0.1521674170677338,31
Great Indian Bustard,10,2001,-2.500000000000002,0.1547619047619047,0.1547619047619047,0.0511885081835669,-180.8057866259696,1,0,moderate_recovery,3.0,4,1,0.7054740406320541,0.1286205203730977,0.0048983865238282,0.0658423774250763,0.1481012444465757,32
Great Indian Bustard,10,2002,-2.051282051282055,0.1515873015873015,0.1515873015873015,0.0230848963454948,-182.8570686772516,1,0,moderate_recovery,3.0,4,1,0.7101232852925854,0.1253477335951562,0.0047737456453593,0.0296934705060771,0.1447648976804973,33
Great Indian Bustard,10,2003,-2.617801047120416,0.1476190476190476,0.1476190476190476,0.0236499112910136,-185.47486972437204,1,0,moderate_recovery,3.0,4,1,0.7042534835072624,0.1212567501227295,0.0046179445472731,0.0304202337702115,0.1405071253023214,34
Great Indian Bustard,10,2004,-2.1505376344086,0.1444444444444444,0.1444444444444444,0.0241999092280136,-187.62540735878065,1,0,moderate_recovery,3.0,4,1,0.7090948809437121,0.117983963344788,0.0044933036688042,0.0311276810671928,0.1370093424024004,35
Great Indian Bustard,10,2005,-2.7472527472527486,0.1404761904761904,0.1404761904761904,0.0248215582724026,-190.3726601060334,1,0,moderate_recovery,3.0,4,1,0.7029122119415572,0.1138929798723613,0.0043375025707181,0.0319272912230468,0.1325410208406883,36
Great Indian Bustard,10,2006,-2.259887005649719,0.1373015873015873,0.1373015873015873,0.0254281001098858,-192.63254711168312,1,0,moderate_recovery,3.0,4,1,0.7079618931017331,0.1106201930944199,0.0042128616922492,0.0327074693920306,0.1288653845729748,37
Great Indian Bustard,10,2007,-2.8901734104046284,0.1333333333333333,0.1333333333333333,0.0261153460588012,-195.52272052208767,1,0,moderate_recovery,3.0,4,1,0.7014313861089,0.1065292096219931,0.004057060594163,0.0335914550512742,0.1241646069762603,38
Great Indian Bustard,10,2008,-2.380952380952384,0.1301587301587301,0.1301587301587301,0.0267876222939779,-197.90367290304013,1,0,moderate_recovery,3.0,4,1,0.7067075137052562,0.1032564228440517,0.0039324197156941,0.0344561855773461,0.1202920616227765,39
Great Indian Bustard,10,2009,-3.0487804878048808,0.1261904761904762,0.1261904761904762,0.0275514241516468,-200.95245339084505,1,0,moderate_recovery,3.0,4,1,0.6997880306116829,0.0991654393716249,0.003776618617608,0.0354386430072495,0.1153333145238032,40
Great Indian Bustard,10,2010,-2.515723270440251,0.123015873015873,0.123015873015873,0.0283007306662309,-203.46817666128527,1,0,moderate_recovery,3.0,4,1,0.705311129094084,0.0958926525936835,0.0036519777391391,0.0364024554739732,0.1112415684899335,41
Great Indian Bustard,10,2011,-3.2258064516129004,0.119047619047619,0.119047619047619,0.0291546320225391,-206.69398311289817,1,0,moderate_recovery,3.0,4,1,0.6979538338309181,0.0918016691212567,0.0034961766410529,0.0375008054236182,0.1059948941400522,42
Great Indian Bustard,10,2012,-2.0000000000000018,0.1166666666666666,0.1166666666666666,0.026823795692416,-208.69398311289817,1,0,moderate_recovery,3.0,4,1,0.7106546275395033,0.0893470790378007,0.0034026959822012,0.0345027144299583,0.1027419560431257,43
Great Indian Bustard,10,2013,-2.0408163265306145,0.1142857142857142,0.1142857142857142,0.020408163265286,-210.7347994394288,1,0,moderate_recovery,3.0,4,1,0.7102317224858339,0.0868924889543446,0.0033092153233495,0.0262504619874215,0.0994226314544253,44
Great Indian Bustard,10,2014,-2.083333333333337,0.1119047619047619,0.1119047619047619,0.0208333333333125,-212.8181327727621,1,0,moderate_recovery,3.0,4,1,0.7097911963882617,0.0844378988708885,0.0032157346644979,0.0267973466121591,0.0960341542701269,45
Great Indian Bustard,10,2015,-2.8368794326241176,0.1087301587301587,0.1087301587301587,0.0249660041536561,-215.65501220538624,1,0,moderate_recovery,3.0,4,1,0.7019835742759712,0.0811651120929471,0.003091093786029,0.0321130880076862,0.0914200576787419,46
Great Indian Bustard,10,2016,-2.1897810218978075,0.1063492063492063,0.1063492063492063,0.025571975128259,-217.84479322728404,1,0,moderate_recovery,3.0,4,1,0.7086882733848511,0.0787105220094911,0.0029976131271773,0.0328925318913673,0.0878584466237129,47
Great Indian Bustard,10,2017,-2.238805970149249,0.1039682539682539,0.1039682539682539,0.022388059701469,-220.0835991974333,1,0,moderate_recovery,3.0,4,1,0.7081803173747515,0.076255931926035,0.0029041324683256,0.0287971485981396,0.0842170980077505,48
Great Indian Bustard,10,2018,-2.2900763358778664,0.1015873015873015,0.1015873015873015,0.0229007633587541,-222.3736755333112,1,0,moderate_recovery,3.0,4,1,0.7076490962038838,0.0738013418425789,0.0028106518094739,0.0294566252835927,0.0804923597288271,49
Great Indian Bustard,10,2019,4.6875,0.1063492063492063,0.1063492063492063,0.0229007633587541,-217.6861755333112,0,1,moderate_recovery,3.0,4,1,0.7799449774266365,0.0787105220094911,0.0029976131271773,0.0294566252835927,0.0881164333934984,50
Great Indian Bustard,10,2020,3.731343283582089,0.1103174603174603,0.1103174603174603,0.0412037696804101,-213.9548322497291,0,1,moderate_recovery,3.0,4,1,0.770038071493548,0.0828015054819178,0.0031534142252634,0.052999281497022,0.0941853477534357,51
Great Indian Bustard,10,2021,3.597122302158273,0.1142857142857142,0.1142857142857142,0.0359712230215529,-210.3577099475708,0,1,moderate_recovery,3.0,4,1,0.7686473845754095,0.0868924889543446,0.0033092153233495,0.0462687999058941,0.1000359558414329,52
Great Indian Bustard,10,2022,4.166666666666674,0.119047619047619,0.119047619047619,0.038158687394562,-206.19104328090413,0,1,moderate_recovery,3.0,4,1,0.7745485327313769,0.0918016691212567,0.0034961766410529,0.0490824754741501,0.1068129102100298,53
Humpback Whale,11,2000,0.0,0.3370786516853932,1.0,0.0,0.0,0,0,recovering,2.0,0,3,0.7313769751693001,0.3165759295725704,0.0380840204161758,0.0,0.4421762601767602,0
Humpback Whale,11,2001,6.666666666666665,0.3595505617977528,1.0666666666666669,0.0456197923346158,6.666666666666665,0,1,recovering,2.0,0,3,0.8004514672686229,0.3397428472141782,0.040701478864023,0.0586794906031987,0.453019387166515,1
Humpback Whale,11,2002,6.562500000000004,0.3831460674157303,1.1366666666666667,0.0640021823712039,13.22916666666667,0,1,recovering,2.0,0,3,0.7993721783295711,0.3640681107378663,0.0434498102342625,0.0823242559169992,0.4636930902970548,2
Humpback Whale,11,2003,6.451612903225801,0.4078651685393258,1.21,0.0629939586830863,19.680779569892472,0,1,recovering,2.0,0,3,0.7982232578460641,0.3895517201436349,0.0463290145268943,0.0810274053746102,0.4741864389968175,3
Humpback Whale,11,2004,6.336088154269981,0.4337078651685393,1.2866666666666666,0.0619317021348169,26.01686772416245,0,1,recovering,2.0,0,3,0.7970262858422104,0.4161936754314839,0.0493390917419186,0.0796610538426883,0.4844918902680721,4
Humpback Whale,11,2005,6.217616580310881,0.4606741573033708,1.3666666666666667,0.0608328895153485,32.234484304473334,0,1,recovering,2.0,0,3,0.7957987812722954,0.4439939766014132,0.0524800418793351,0.078247681236653,0.4946046511911595,5
Humpback Whale,11,2006,6.0975609756097615,0.4887640449438202,1.45,0.0597116993206725,38.33204528008309,0,1,recovering,2.0,0,3,0.7945548642845345,0.4729526236534229,0.055751864939144,0.0768055249679369,0.504522145389106,6
Humpback Whale,11,2007,6.206896551724128,0.5191011235955056,1.54,0.0596933652633189,44.53894183180722,0,1,recovering,2.0,0,3,0.7956877091928074,0.5042279624695934,0.0592854338437377,0.0767819423716307,0.5146174705174983,7
Humpback Whale,11,2008,6.060606060606055,0.550561797752809,1.6333333333333333,0.059484171109829,50.59954789241328,0,1,recovering,2.0,0,3,0.7941719679868662,0.5366616471678444,0.0629498756707237,0.0765128616560958,0.5244748586900027,8
Humpback Whale,11,2009,5.91836734693878,0.5831460674157304,1.73,0.0581267069017147,56.51791523935206,0,1,recovering,2.0,0,3,0.792698207951352,0.5702536777481757,0.066745190420102,0.074766792588969,0.534100899997234,9
Humpback Whale,11,2010,5.973025048169567,0.6179775280898876,1.8333333333333333,0.0577400032865568,62.49094028752162,0,1,recovering,2.0,0,3,0.793264525894127,0.6061624000926676,0.0708022510142651,0.0742693863100136,0.5438158403637773,10
Humpback Whale,11,2011,5.0909090909091015,0.6494382022471911,1.9266666666666667,0.0537572115241298,67.58184937843073,0,1,recovering,2.0,0,3,0.7841247691360558,0.6385960847909187,0.0744666928412511,0.0691464302456017,0.552096046428681,11
Humpback Whale,11,2012,5.017301038062283,0.6820224719101123,2.023333333333333,0.0492820667737305,72.59915041649302,0,1,recovering,2.0,0,3,0.7833621033063337,0.6721881153712499,0.0782620075906295,0.0633901740048262,0.5602565312739116,12
Humpback Whale,11,2013,5.107084019769359,0.7168539325842697,2.1266666666666665,0.0493783132878454,77.70623443626238,0,1,recovering,2.0,0,3,0.7842923603854206,0.708096837715742,0.0823190681847925,0.0635139732623758,0.5685630453599677,13
Humpback Whale,11,2014,5.0156739811912265,0.7528089887640449,2.2333333333333334,0.0493493306374171,82.7219084174536,0,1,recovering,2.0,0,3,0.783345245087286,0.7451639059423144,0.086507001701348,0.063476693672171,0.5767208838475575,14
Humpback Whale,11,2015,5.074626865671639,0.7910112359550562,2.3466666666666667,0.0492123013697276,87.79653528312524,0,1,recovering,2.0,0,3,0.7839560661702771,0.7845476659330477,0.0909566810626881,0.0633004366746212,0.5849746073770723,15
Humpback Whale,11,2016,4.971590909090917,0.8303370786516854,2.4633333333333334,0.0489842040345432,92.76812619221616,0,1,recovering,2.0,0,3,0.78288849271496,0.8250897718058613,0.0955372333464206,0.063007041313713,0.5930607461123298,16
Humpback Whale,11,2017,5.006765899864685,0.8719101123595505,2.5866666666666664,0.0486768310031284,97.77489209208083,0,1,recovering,2.0,0,3,0.7832529469083044,0.8679485694428357,0.1003795314749378,0.0626116757939342,0.6012040958813608,17
Humpback Whale,11,2018,3.092783505154628,0.898876404494382,2.6666666666666665,0.0398229033053848,100.86767559723548,0,1,recovering,2.0,0,3,0.763421842638058,0.8957488706127651,0.1035204816123544,0.051223110862942,0.6062344125260923,18
Humpback Whale,11,2019,2.499999999999991,0.9213483146067416,2.7333333333333334,0.0275838257793958,103.36767559723546,0,1,recovering,2.0,0,3,0.757279909706546,0.9189157882543728,0.1061379400602015,0.0354803203344297,0.6103005851472504,19
Humpback Whale,11,2020,2.4390243902439046,0.9438202247191012,2.8,0.0243902439024386,105.80669998747936,0,1,recovering,2.0,0,3,0.7566481308153938,0.9420827058959806,0.1087553985080486,0.0313725033508513,0.614267582826429,20
Humpback Whale,11,2021,1.7857142857142794,0.9606741573033708,2.85,0.0209456337034842,107.59241427319364,0,1,recovering,2.0,0,3,0.7498790712673329,0.9594578941271864,0.110718492343934,0.0269417955054791,0.6171719918415419,21
Humpback Whale,11,2022,1.7543859649122862,0.9775280898876404,2.9,0.0175438596491224,109.34680023810591,0,1,recovering,2.0,0,3,0.7495544730901746,0.9768330823583924,0.1126815861798194,0.0225661866207876,0.62002544631253,22
Humpback Whale,11,2023,1.1494252873563315,0.9887640449438202,2.933333333333333,0.0144910449813253,110.49622552546226,0,1,recovering,2.0,0,3,0.7432863703588386,0.9884165411791962,0.1139903154037429,0.0186394346465929,0.6218949509659359,23
Humpback Whale,11,2024,1.1363636363636465,1.0,2.966666666666667,0.0113636363636358,111.6325891618259,0,1,recovering,2.0,0,3,0.7431510363225938,1.0,0.1152990446276665,0.0146167345157371,0.6237432112482806,24
Indian Rhinoceros,12,2006,0.0,0.6415047334329845,1.0,0.0,0.0,0,0,moderate_recovery,3.0,2,2,0.7313769751693001,0.6304172509618398,0.0380840204161758,0.0,0.4421762601767602,0
Indian Rhinoceros,12,2007,1.6310679611650558,0.6519681116093672,1.0163106796116506,0.0114400943027094,1.6310679611650558,0,1,moderate_recovery,3.0,2,2,0.7482767538188433,0.6412042387725435,0.0387244083082705,0.0147150802706783,0.4448291417315351,1
Indian Rhinoceros,12,2008,1.5666794038975862,0.6621823617339312,1.0322330097087378,0.0158602563072297,3.197747365062642,0,1,moderate_recovery,3.0,2,2,0.7476096127853045,0.6517343935401353,0.039349548869601,0.0204006137099012,0.4473772972908394,2
Indian Rhinoceros,12,2009,1.5801354401805856,0.672645739910314,1.0485436893203883,0.0156116629481822,4.777882805243228,0,1,moderate_recovery,3.0,2,2,0.7477490331160922,0.6625213813508392,0.0399899367616956,0.0200808548743228,0.4499473386766729,3
Indian Rhinoceros,12,2010,1.85185185185186,0.6851021425012457,1.0679611650485437,0.0170416629989297,6.629734657095088,0,1,moderate_recovery,3.0,2,2,0.7505643340857787,0.6753630335064389,0.0407523032999035,0.0219202248110583,0.4529593183960492,4
Indian Rhinoceros,12,2011,1.818181818181808,0.6975585450921774,1.087378640776699,0.0181818181818175,8.447916475276894,0,1,moderate_recovery,3.0,2,2,0.7502154730145698,0.6882046856620386,0.0415146698381114,0.0233867752251796,0.4559165348478005,5
Indian Rhinoceros,12,2012,1.7857142857142794,0.7100149476831091,1.1067961165048543,0.0178571428571422,10.233630760991174,0,1,moderate_recovery,3.0,2,2,0.7498790712673329,0.7010463378176384,0.0422770363763193,0.0229691542390156,0.4588209438629134,6
Indian Rhinoceros,12,2013,4.842105263157892,0.7443946188340808,1.160388349514563,0.0338175984197546,15.075736024149066,0,1,moderate_recovery,3.0,2,2,0.7815468694309134,0.7364892977670936,0.0443811680217731,0.0434986515094019,0.4666964782028406,7
Indian Rhinoceros,12,2014,4.61847389558232,0.7787742899850523,1.2139805825242718,0.0461847389558217,19.694209919731385,0,1,moderate_recovery,3.0,2,2,0.7792297859609996,0.7719322577165488,0.046485299667227,0.0594061659836389,0.4742082830451405,8
Indian Rhinoceros,12,2015,4.414587332053732,0.8131539611360239,1.2675728155339805,0.044145873320536,24.10879725178512,0,1,moderate_recovery,3.0,2,2,0.7771172818377575,0.8073752176660041,0.0485894313126808,0.0567836289056665,0.4813884727024638,9
Indian Rhinoceros,12,2016,2.420343137254899,0.8328350772296961,1.298252427184466,0.033852456928202,26.529140389040016,0,1,moderate_recovery,3.0,2,2,0.7564545711060947,0.8276650280718517,0.0497939704430493,0.0435434890549979,0.4853250859018692,10
Indian Rhinoceros,12,2017,2.333233622494757,0.8522670652715496,1.3285436893203884,0.0234844029069901,28.86237401153477,0,1,moderate_recovery,3.0,2,2,0.7555520142827333,0.8476980054345873,0.0509832622426536,0.0302073448645843,0.4891200181716907,11
Indian Rhinoceros,12,2018,2.309266296404555,0.8719481813652217,1.3592233009708738,0.0229444263787312,31.171640307939327,0,1,moderate_recovery,3.0,2,2,0.7553036846512344,0.8679878158404348,0.0521878013730221,0.0295127878314547,0.492875968327452,12
Indian Rhinoceros,12,2019,1.9142857142857128,0.8886397608370703,1.385242718446602,0.0209045038793968,33.08592602222504,0,1,moderate_recovery,3.0,2,2,0.7512112221863914,0.8851956297289385,0.0532093725342207,0.0268888913381751,0.495989494791653,13
Indian Rhinoceros,12,2020,1.8502943650126056,0.9050822122571002,1.410873786407767,0.0186450354850828,34.93622038723765,0,1,moderate_recovery,3.0,2,2,0.7505481966939228,0.9021466105743302,0.0542156963646551,0.023982598967533,0.4989989413068919,14
Indian Rhinoceros,12,2021,1.844205890448669,0.9217737917289488,1.4368932038834952,0.0183029247422373,36.78042627768632,0,1,moderate_recovery,3.0,2,2,0.7504851129506983,0.9193544244628338,0.0552372675258537,0.0235425512800553,0.5019984851067002,15
Indian Rhinoceros,12,2022,2.837837837837842,0.9479322371699054,1.4776699029126217,0.0233516222760363,39.61826411552416,0,1,moderate_recovery,3.0,2,2,0.7607803062656335,0.9463218939895932,0.0568382372560903,0.0300365527722137,0.5066141405145013,16
Indian Rhinoceros,12,2023,2.733245729303557,0.9738415545590432,1.5180582524271844,0.0274663742920937,42.35150984482771,0,1,moderate_recovery,3.0,2,2,0.759696609249443,0.9730325304732408,0.0584239596555628,0.0353292457000929,0.5110596800950578,17
Indian Rhinoceros,12,2024,2.6861089792785897,1.0,1.558834951456311,0.0267310024019405,45.0376188241063,0,1,moderate_recovery,3.0,2,2,0.7592082171893649,1.0,0.0600249293857994,0.0343833569594867,0.5154285532106535,18
Snow Leopard,15,2005,0.0,1.0,1.0,0.0,0.0,0,0,stable,2.0,2,2,0.7313769751693001,1.0,0.0380840204161758,0.0,0.4421762601767602,0
Snow Leopard,15,2006,-2.3076923076923106,0.9769230769230768,0.9769230769230768,0.0165083295218646,-2.3076923076923106,1,0,moderate_decline,1.0,2,2,0.7074665740579961,0.9762093576526566,0.0371779771073057,0.0212342125529082,0.438422870064922,1
Snow Leopard,15,2007,-2.677165354330713,0.9507692307692308,0.9507692307692308,0.025239747679501,-4.984857662023023,1,0,moderate_decline,1.0,2,2,0.7036383996018555,0.949246629659001,0.0361511280239195,0.0324651968146418,0.434068543478485,2
Snow Leopard,15,2008,-2.1035598705501646,0.9307692307692308,0.9307692307692308,0.0242912467091421,-7.088417532573187,1,0,moderate_decline,1.0,2,2,0.7095816257204847,0.92862807295797,0.0353658904895654,0.0312451659699361,0.4306471684574459,3
Snow Leopard,15,2009,-2.479338842975209,0.9076923076923076,0.9076923076923076,0.023185713797003,-9.567756375548395,1,0,moderate_decline,1.0,2,2,0.7056881144712048,0.9048374306106266,0.0344598471806952,0.029823149235323,0.4266146005686941,4
Snow Leopard,15,2010,-2.033898305084747,0.8892307692307693,0.8892307692307693,0.0228895926539228,-11.601654680633144,1,0,moderate_decline,1.0,2,2,0.7103034013084898,0.885804916732752,0.0337350125335991,0.0294422567116278,0.423306527927752,5
Snow Leopard,15,2011,-2.768166089965396,0.8646153846153846,0.8646153846153846,0.0243598930701792,-14.36982077059854,1,0,moderate_decline,1.0,2,2,0.7026955251626609,0.8604282315622522,0.0327685663374709,0.0313334639057941,0.4188041914614178,6
Snow Leopard,15,2012,-2.135231316725983,0.8461538461538461,0.8461538461538461,0.0249364585866331,-16.505052087324522,1,0,moderate_decline,1.0,2,2,0.7092534723616878,0.8413957176843776,0.0320437316903748,0.0320750843532685,0.4153313038134536,7
Snow Leopard,15,2013,-2.727272727272722,0.823076923076923,0.823076923076923,0.0246407090318185,-19.232324814597245,1,0,moderate_decline,1.0,2,2,0.7031192284013954,0.8176050753370342,0.0311376883815046,0.0316946697933916,0.4108954791358267,8
Snow Leopard,15,2014,-2.8037383177570097,0.8,0.8,0.0280373831775694,-22.03606313235425,1,0,moderate_decline,1.0,2,2,0.7023269551275289,0.7938144329896909,0.0302316450726344,0.0360637188051839,0.4063352855420046,9
Snow Leopard,15,2015,-2.884615384615385,0.7769230769230769,0.7769230769230769,0.0288461538461531,-24.92067851696964,1,0,moderate_decline,1.0,2,2,0.70148897378017,0.7700237906423475,0.0293256017637643,0.0371040183861026,0.4016435479022068,10
Snow Leopard,15,2016,-2.970297029702973,0.7538461538461538,0.7538461538461538,0.0297029702970289,-27.89097554667261,1,0,moderate_decline,1.0,2,2,0.7006012113626712,0.7462331482950041,0.0284195584548941,0.0382061179421254,0.3968124517186527,11
Snow Leopard,15,2017,-4.081632653061229,0.7230769230769231,0.7230769230769231,0.0359578626377217,-31.97260819973384,1,0,moderate_decline,1.0,2,2,0.6890864698023678,0.7145122918318795,0.0272115007097339,0.0462516148097471,0.3901738025412518,12
Snow Leopard,15,2018,-4.255319148936165,0.6923076923076923,0.6923076923076923,0.0425531914893606,-36.22792734867001,1,0,moderate_decline,1.0,2,2,0.6872868738293069,0.682791435368755,0.0260034429645737,0.0547350058461655,0.3832526576541742,13
Snow Leopard,15,2019,-2.6666666666666616,0.6738461538461539,0.6738461538461539,0.0357123877849243,-38.89459401533667,1,0,moderate_decline,1.0,2,2,0.703747178329571,0.6637589214908803,0.0252786083174775,0.0459358672234277,0.3789154068582724,14
Snow Leopard,15,2020,-4.109589041095896,0.6461538461538462,0.6461538461538462,0.0346322680516997,-43.004183056432566,1,0,moderate_decline,1.0,2,2,0.6887968088067038,0.6352101506740683,0.0241913563468333,0.0445465387654814,0.3722312874810263,15
Snow Leopard,15,2021,-3.57142857142857,0.6230769230769231,0.6230769230769231,0.0392463459426552,-46.575611627861136,1,0,moderate_decline,1.0,2,2,0.6943727829732343,0.6114195083267249,0.0232853130379632,0.0504815009033801,0.3664224694508005,16
Snow Leopard,15,2022,-3.209876543209877,0.6030769230769231,0.6030769230769231,0.0345404265521496,-49.785488171071016,1,0,moderate_decline,1.0,2,2,0.6981188863807373,0.5908009516256939,0.022500075503609,0.0444284055576337,0.3612017046038815,17
Snow Leopard,15,2023,-1.7857142857142905,0.5923076923076923,0.5923076923076923,0.025758608033228,-51.57120245678531,1,0,stable,2.0,2,2,0.7128748790712671,0.5796986518636004,0.0220772552928029,0.0331325926902646,0.3582972955887686,18
Snow Leopard,15,2024,-1.8181818181818188,0.5815384615384616,0.5815384615384616,0.0181818181818172,-53.38938427496713,1,0,stable,2.0,2,2,0.7125384773240303,0.5685963521015068,0.0216544350819969,0.0233867752251792,0.3553400791370173,19
